objectname,objectid,rating,numplays,weight,own,fortrade,want,wanttobuy,wanttoplay,prevowned,preordered,wishlist,wishlistpriority,wishlistcomment,comment,conditiontext,haspartslist,wantpartslist,collid,baverage,average,avgweight,rank,numowned,objecttype,originalname,minplayers,maxplayers,playingtime,maxplaytime,minplaytime,yearpublished,bggrecplayers,bggbestplayers,bggrecagerange,bgglanguagedependence,publisherid,imageid,year,language,other,itemtype,barcode,pricepaid,pp_currency,currvalue,cv_currency,acquisitiondate,acquiredfrom,quantity,privatecomment,invlocation,invdate,version_publishers,version_languages,version_yearpublished,version_nickname
"3 Segreti","218314","0","0","0","1","0","0","0","0","0","0","0","3","","","","","","50865496","5.57189","5.9721","1.25","11384","907","thing","3 Secrets","2","8","15","15","15","2017","2,3,4,5,6","3,4","12+","Extensive use of text - massive conversion needed to be playable","","","","","","standalone","","","","","","","","","","","","DV Games","Italian","2017","Italian edition"
"7 Wonders","68448","8","11","0","1","0","0","0","0","0","0","0","3","","","","","","14162739","7.54566","7.65993","2.315","118","157753","thing","7 Wonders","2","7","30","30","30","2011","3,4,5,6,7","4,5","10+","No necessary in-game text","","","","","","standalone","","35","EUR","","","","","1","","","","Asterion Press","Italian","2011","Asterion Italian first edition"
"7 Wonders Duel","173346","0","0","0","1","0","0","0","0","0","0","0","3","","","","","","31075899","7.94922","8.07418","2.2269","24","187443","thing","7 Wonders Duel","2","2","30","30","30","2015","2","2","10+","No necessary in-game text","","","","","","standalone","","","","","","2015-10-31","Asmodee","1","","","","Asterion Press; Repos Production","Italian","2015","Italian first edition"
"7 Wonders Duel: Messe Promo Card","186069","0","0","0","1","0","0","0","0","0","0","0","3","","","","","","31359505","6.22031","7.35113","2.2059","0","7140","thing","7 Wonders Duel: The Messe Promo Card","2","2","30","30","30","2015","2","2","10+","No necessary in-game text","","","","","","expansion","","","","","","","","","","","","Repos Production","French; German","2015","Multilingual edition"
"7 Wonders Duel: Pantheon","202976","0","0","0","1","0","0","0","0","0","0","0","3","","","","","","111439898","7.62316","7.99477","2.309","0","51993","thing","7 Wonders Duel: Pantheon","2","2","30","30","30","2016","2","2","10+","No necessary in-game text","","","","","","expansion","","","","","","","","","","","","Repos Production","Italian","2016","Italian edition"
"7 Wonders: Babel","154638","0","0","0","1","0","0","0","0","0","0","0","3","","","","","","26098754","6.32386","6.83212","2.6549","0","15272","thing","7 Wonders: Babel","2","7","45","45","45","2014","3,4,5,6,7","5","10+","No necessary in-game text","","","","","","expansion","","","","","","","","","","","","Asterion Press","Italian","2014","Italian edition"
"7 Wonders: Catan","110308","7","6","0","1","0","0","0","0","0","0","0","3","","","","","","15470833","6.18459","7.0972","1.9359","0","6890","thing","7 Wonders: Catan","2","7","30","30","30","2011","2,3,4,5,6,7","4,5","10+","No necessary in-game text","","","","","","expansion","","","","","","","","","","","","Repos Production","English; German","2011","English/German edition"
"7 Wonders: Cities","111661","8","0","0","1","0","0","0","0","0","0","0","1","","","","","","16951938","7.3473","7.7964","2.3421","0","32204","thing","7 Wonders: Cities","2","8","40","40","40","2012","3,4,5,6,7,8","4,5","10+","No necessary in-game text","","","","","","expansion","","","","","","","","","","","","Asterion Press; Repos Production","Italian","2012","Italian edition"
"7 Wonders: Leaders","92539","9","10","0","1","0","0","0","0","0","0","0","3","","","","","","15470835","7.45596","7.81176","2.2732","0","37627","thing","7 Wonders: Leaders","2","7","40","40","40","2011","3,4,5,6,7","4,5","10+","No necessary in-game text","","","","","","expansion","","","","","","","","","","","","Repos Production","Italian","2011","Italian edition 2011"
"7 Wonders: Manneken Pis","83445","6","0","0","1","0","0","0","0","0","0","0","1","","","","","","14162746","6.08569","6.77037","1.9681","0","6211","thing","7 Wonders: Manneken Pis","2","7","30","30","30","2011","3,4,5,6,7","3,4,5","10+","No necessary in-game text","","","","","","expansion","","","","","","","","","","","","Repos Production; W. Nostheide Verlag GmbH","German","2011","German edition"
"7 Wonders: Wonder Pack","133993","8","1","0","1","0","0","0","0","0","0","0","3","","","","","","18868466","6.94163","7.58595","2.2563","0","18227","thing","7 Wonders: Wonder Pack","2","7","30","30","30","2013","3,4,5,6,7","4","10+","No necessary in-game text","","","","","","expansion","","12","EUR","","","2013-04-07","","1","","","","Repos Production","English; French; German; Spanish","2013","English/French/German/Spanish edition"
"Above and Below","172818","0","0","0","1","0","0","0","0","0","0","0","3","","Ospitato da JustPlay Bologna","","","","50865500","7.06325","7.33876","2.5139","434","27466","thing","Above and Below","2","4","90","90","90","2016","2,3,4","3","10+","Extensive use of text - massive conversion needed to be playable","","","","","","standalone","","","","","","","","","","","","DV Games","Italian","2016","Italian edition"
"Ad Astra","38343","7","1","0","1","0","0","0","0","0","0","0","3","","","","","","12871585","6.23398","6.8466","2.6795","2124","3047","thing","Ad Astra","3","5","60","60","60","2009","3,4,5","4","12+","Some necessary text - easily memorized or small crib sheet","","","","","","standalone","","35","EUR","","","2011-04-15","Goblin","1","","","","Edge Entertainment; Nexus Editrice","Dutch; English; French; German; Italian; Spanish","2009","Multilingual edition"
"After Us","369548","0","0","0","1","0","0","0","0","0","0","0","3","","","","","","145844049","6.22317","6.77647","2.0309","2172","4378","thing","After Us","1","6","60","60","40","2023","2,3,4,5","3","10+","No necessary in-game text","","","","","","standalone","","15","EUR","","","","","","","","","Catch Up Games; MS Edizioni","Italian","2023","Italian edition"
"Agent Avenue","422732","0","0","0","1","0","0","0","0","0","0","0","3","","","","","","133410305","7.00172","7.51378","1.212","510","14854","thing","Agent Avenue","2","4","20","20","10","2024","2,4","2","8+","Moderate in-game text - needs crib sheet or paste ups","","","","","","standalone","","","","","","","","","","","","Nerdlab Games","English","2024","English edition"
"Agricola","31260","8","0","0","1","0","0","0","0","0","0","0","3","","","","","","9561669","7.72026","7.85469","3.6358","66","90862","thing","Agricola","1","5","150","150","30","2009","1,2,3,4,5","3,4","12+","Extensive use of text - massive conversion needed to be playable","","","","","","standalone","","","","","","","","","","","","Stratelibri","Italian","2009","Stratelibri Italian first edition"
"Alchimisti","161970","0","0","0","1","0","0","0","0","0","0","0","3","","","","","","31075920","7.39341","7.63638","3.9215","179","33859","thing","Alchemists","2","4","120","120","120","2014","2,3,4","4","12+","Moderate in-game text - needs crib sheet or paste ups","","","","","","standalone","","","","","","","","","","","","Cranio Creations","Italian","2014","Italian edition"
"Alchimisti: Anello del Favore carta promo","167849","0","0","0","1","0","0","0","0","0","0","0","3","","","","","","31075911","5.69781","7.51824","3.6875","0","1953","thing","Alchemists: Ring of Favor","2","4","90","90","90","2014","2,3,4","3","14+","Moderate in-game text - needs crib sheet or paste ups","","","","","","expansion","","","","","","","","","","","","Czech Games Edition (CGE)","German","2014","German edition"
"Alhambra","6249","7.5","1","0","1","0","0","0","0","0","0","0","1","","Bought in Aachen
With Dirk Henn Signature","","","","8896842","6.90582","7.0351","2.0965","618","46235","thing","Alhambra","2","6","60","60","45","2003","2,3,4,5","3","8+","No necessary in-game text","","","","","","standalone","","","","","","","","","","","","Queen Games","German","2003","Queen German first edition"
"Alta Tensione","2651","8","1","0","1","0","0","0","0","0","0","0","1","","","","","","6781116","7.6791","7.7967","3.2452","76","87665","thing","Power Grid","2","6","120","120","120","2008","3,4,5,6","4,5","12+","No necessary in-game text","","","","","","standalone","","","","","","","","","","","","Stratelibri","Italian","2008","Italian first edition"
"Alta Tensione: Fabrik Manager","44163","0","1","0","1","0","0","0","0","0","0","0","1","","","","","","9911820","6.45089","6.83405","2.9979","1464","7694","thing","Power Grid: Factory Manager","2","5","60","60","60","2009","2,3,4,5","4","12+","No necessary in-game text","","","","","","standalone","","","","","","","","","","","","Stratelibri","Italian","2009","Italian edition"
"Alta Tensione: Francia-Italia","19319","8","1","0","1","0","0","0","0","0","0","0","1","","","","","","6781117","6.87617","7.9052","3.287","0","9251","thing","Power Grid: France/Italy","2","6","120","120","120","2008","3,4,5,6","4,5","12+","No necessary in-game text","","","","","","expansion","","","","","","","","","","","","Stratelibri","Italian","2008","Italian first edition"
"Altay: L'Alba della Civiltà","334537","0","0","0","1","0","0","0","0","0","0","0","1","","","","","","145844002","5.86913","6.76812","2.3077","4181","1454","thing","Altay: Dawn of Civilization","2","4","90","90","45","2025","2,3,4","4","10+","Moderate in-game text - needs crib sheet or paste ups","","","","","","standalone","","","","","","","","","","","","MS Edizioni","Italian","2025","Italian edition"
"Android: Netrunner","124742","0","0","0","1","0","0","0","0","0","0","0","1","","","","","","81790051","7.65184","7.89329","3.4164","85","47567","thing","Android: Netrunner","2","2","45","45","45","2018","2","2","12+","Extensive use of text - massive conversion needed to be playable","","","","","","standalone","","","","","","","","","","","","Fantasy Flight Games","Italian","2018","Italian revised core set edition"
"Ankh: Divinità Egizie","285967","0","0","0","1","0","0","0","0","0","0","0","3","","","","","","133410322","7.2644","7.71738","3.1348","258","19907","thing","Ankh: Gods of Egypt","2","5","90","90","90","2021","2,3,4,5","2,4","12+","Moderate in-game text - needs crib sheet or paste ups","","","","","","standalone","","","","","","","","","","","","CMON Global Limited; Guillotine Games","Italian","2021","Italian edition"
"Archipelago","105551","0","0","0","1","0","0","0","0","0","0","0","3","","","","","","18868365","6.83379","7.25728","3.7425","722","11154","thing","Archipelago","2","5","240","240","30","2012","2,3,4,5","4","14+","Moderate in-game text - needs crib sheet or paste ups","","","","","","standalone","","60","EUR","","","2013-04-07","","1","","","","Ludically","English","2012","English first edition"
"Arkcan Horror: Il Gioco di Carte – Lo Zampino di Miaolathotep: Pack Scenario","295594","0","0","0","1","0","0","0","0","0","0","0","3","","","","","","84262726","5.78257","8.10502","3.4","0","2853","thing","Barkham Horror: The Card Game – The Meddling of Meowlathotep: Scenario Pack","1","4","120","120","60","2020","1,2,3,4","2,3","8+","Extensive use of text - massive conversion needed to be playable","","","","","","expansion","","","","","","","","","","","","Fantasy Flight Games","Italian","2020","Italian edition"
"Arkham Horror","15987","7.5","0","0","1","0","0","0","0","0","0","0","3","","","","","","16008087","7.018","7.24071","3.5862","491","56020","thing","Arkham Horror","1","8","240","240","120","2006","1,2,3,4,5,6","4","14+","Extensive use of text - massive conversion needed to be playable","","","","","","standalone","","","","","","","","","","","","Fantasy Flight Games; Nexus Editrice","Italian","2006","Italian first edition"
"Arkham Horror (Terza Edizione)","257499","0","0","0","1","0","0","0","0","0","0","0","3","","","","","","64680063","7.14398","7.67819","3.375","354","22144","thing","Arkham Horror (Third Edition)","1","6","180","180","120","2018","1,2,3,4","3","12+","Extensive use of text - massive conversion needed to be playable","","","","","","standalone","","","","","","","","","","","","Fantasy Flight Games","Italian","0","Italian edition"
"Arkham Horror: Il Gioco di Carte","205637","0","0","0","1","0","0","0","0","0","0","0","3","","","","","","60487424","7.88824","8.11669","3.568","33","84173","thing","Arkham Horror: The Card Game","1","2","120","120","60","2016","1,2","2","14+","Extensive use of text - massive conversion needed to be playable","","","","","","standalone","","","","","","","","","","","","asmodee; Asterion Press","Italian","2016","Italian edition"
"Arturo: un compleanno da paura","347017","0","0","0","1","0","0","0","0","0","0","0","1","","","","","","95303938","0","6.32299","2","0","78","thing","Arturo: un compleanno da paura","2","5","30","30","15","2021","2,3,4,5","2,3,4","","","","","","","","standalone","","","","","","","","","","","","Ergo Ludo Editions","Italian","2021","Italian edition"
"Ascension: Chronicle of the Godslayer","69789","9.5","1","0","1","0","0","0","0","0","0","0","1","","","","","","11946954","6.75623","7.04474","2.1355","833","15837","thing","Ascension: Deckbuilding Game","1","4","30","30","30","2010","2,3,4","2","10+","Moderate in-game text - needs crib sheet or paste ups","","","","","","standalone","","","","","","","","","","","","Stone Blade Entertainment","English","2010","English first edition"
"Ascension: Delirium","249552","0","0","0","1","0","0","0","0","0","0","0","1","","","","","","61951407","5.74328","7.72727","2","5623","727","thing","Ascension: Delirium","1","4","30","30","30","2018","2,3,4","2","12+","Moderate in-game text - needs crib sheet or paste ups","","","","","","standalone","","","","","","","","","","","","Stone Blade Entertainment","English","2018","English edition"
"Ascension: Dreamscape","185123","0","0","0","1","0","0","0","0","0","0","0","1","","","","","","61951401","6.01552","7.62766","2.2778","3125","1625","thing","Ascension: Dreamscape","1","4","60","60","30","2015","2,3,4","2","12+","Extensive use of text - massive conversion needed to be playable","","","","","","standalone","","","","","","","","","","","","Stone Blade Entertainment","English","2015","English edition"
"Ashes Reborn: The Duchess of Deception","201900","0","0","0","1","0","0","0","0","0","0","0","3","","","","","","81790098","5.70621","7.65817","3","0","2581","thing","Ashes Reborn: The Duchess of Deception","2","4","60","60","30","2016","2","2","12+","Extensive use of text - massive conversion needed to be playable","","","","","","expansion","","","","","","","","","","","","","","",""
"Ashes Reborn: The Frostdale Giants","189634","0","0","0","1","0","0","0","0","0","0","0","3","","","","","","81790101","5.761","7.72107","3","0","2782","thing","Ashes Reborn: The Frostdale Giants","2","4","120","120","30","2016","2","2","12+","Extensive use of text - massive conversion needed to be playable","","","","","","expansion","","","","","","","","","","","","","","",""
"Ashes Reborn: The Law of Lions","226915","0","0","0","1","0","0","0","0","0","0","0","1","","","","","","60819477","5.70035","7.95698","2.3333","0","2236","thing","Ashes Reborn: The Law of Lions","2","4","60","60","60","2017","2","1,2","12+","Extensive use of text - massive conversion needed to be playable","","","","","","expansion","","","","","","","","","","","","","","",""
"Ashes Reborn: The Roaring Rose","201899","0","0","0","1","0","0","0","0","0","0","0","3","","","","","","81790099","5.70508","7.61604","2.6667","0","2526","thing","Ashes Reborn: The Roaring Rose","2","4","0","0","0","2016","","","","","","","","","","expansion","","","","","","","","","","","","","","",""
"Ashes Reborn: The Song of Soaksend","226916","0","0","0","1","0","0","0","0","0","0","0","1","","","","","","60819475","5.70256","7.99305","3","0","2249","thing","Ashes Reborn: The Song of Soaksend","2","4","60","60","60","2017","1,2","1","","","","","","","","expansion","","","","","","","","","","","","","","",""
"Ashes: La Rinascita dei Phoenixborn","167400","0","0","0","1","0","0","0","0","0","0","0","1","","","","","","60819470","6.72971","7.30203","2.9104","870","12246","thing","Ashes Reborn: Rise of the Phoenixborn","2","4","120","120","30","2016","2","2","12+","Extensive use of text - massive conversion needed to be playable","","","","","","standalone","","","","","","","","","","","","Asterion Press","Italian","2016","Italian edition"
"Atmosfear","5641","8","1","0","1","0","0","0","0","0","0","0","3","","","","","","14672865","5.57383","5.96059","1.7778","11198","2761","thing","Nightmare","3","6","60","60","60","1991","3,4,5,6","4,6","12+","Unplayable in another language","","1115727","","2193","","standalone","","","","","","2011-12-12","","","Gift from Iannez","","","","","",""
"Atmosfear: The DVD Board Game","12453","7","0","0","1","0","0","0","0","0","0","0","3","","","","","","14672871","5.51326","5.70666","1.5867","22073","2613","thing","Atmosfear: The DVD Board Game","3","6","50","50","50","2003","3,4,5,6","4","10+","Extensive use of text - massive conversion needed to be playable","28","96821","","2193","","standalone","","","","","","2011-12-12","","","Gift from Iannez","","","","","",""
"Axis & Allies: D-Day","10081","7","0","0","1","0","0","0","0","0","0","0","3","","","","","","9404405","5.89988","6.45604","2.3575","3917","4497","thing","Axis & Allies: D-Day","2","3","120","120","120","2004","2,3","2","12+","Some necessary text - easily memorized or small crib sheet","","","","","","standalone","","25","EUR","","","2009-10-31","","1","","","","Avalon Hill","English","2004","English first edition"
"Axis & Allies: Europe","520","9.5","2","0","1","0","0","0","0","0","0","0","3","","","","","","8110118","5.95287","6.50894","2.8382","3516","4613","thing","Axis & Allies: Europe","2","4","210","210","210","1999","2,3,4","2","12+","Some necessary text - easily memorized or small crib sheet","","","","","","standalone","","","","","","","","","","","","Avalon Hill","English","1999","English edition"
"Axis & Allies: Spring 1942, The World Is at War!","41863","9","1","0","1","0","0","0","0","0","0","0","3","","","","","","9036969","6.18962","6.94223","3.1659","2299","7424","thing","Axis & Allies: 1942","2","5","240","240","240","2009","2,3,4,5","5","12+","Some necessary text - easily memorized or small crib sheet","","","","","","standalone","","","","","","","","","","","","Avalon Hill; Wizards of the Coast","English","2009","English first edition"
"Aye, Dark Overlord! The Green Box","216014","0","0","0","1","0","0","0","0","0","0","0","3","","","","","","40090671","5.58045","6.20038","1.1818","10701","1506","thing","Aye, Dark Overlord! The Green Box","4","7","60","60","30","2016","4,5,6,7","5","12+","Unplayable in another language","","","","","","standalone","","","","","","","","","","","","asmodee","English","2016","English edition 2016"
"Azul Duel","431038","0","0","0","1","0","0","0","0","0","0","0","3","","","","","","133410277","6.31327","6.97638","2.284","1851","7955","thing","Azul Duel","2","2","45","45","30","2025","2","2","10+","No necessary in-game text","","","","","","standalone","","","","","","","","","","","","Next Move Games","Italian","2025","Italian edition"
"Azul Mini","230802","0","0","0","1","0","0","0","0","0","0","0","3","","","","","","133410285","7.60214","7.71126","1.7729","99","188939","thing","Azul","2","4","45","45","30","2023","2,3,4","2","8+","No necessary in-game text","","","","","","standalone","","","","","","","","","","","","Ghenos Games; Next Move Games","Italian","2023","Italian edition"
"BANG! La Pallottola!","30933","0","0","0","1","0","0","0","0","0","0","0","3","","","","","","60487793","6.53183","6.92047","1.8458","0","17566","thing","BANG! The Bullet!","3","8","40","40","20","2009","4,5,6,7,8","6,7","8+","Moderate in-game text - needs crib sheet or paste ups","","","","","","standalone","","","","","","","","","","","","DV Games","English; Italian","2009","English/Italian edition"
"Bathroom Rush","271942","0","0","0","1","0","0","0","0","0","0","0","3","","Signed by the author","","","","60487471","5.50765","6.7402","1","24030","104","thing","Bathroom Rush","2","4","40","40","20","2018","3","3","","","","","","","","standalone","","","","","","","","","","","","back2brain","Italian","2018","Italian edition"
"Battlestar Galactica: Espansione Pegasus","43539","0","0","0","1","0","0","0","0","0","0","0","1","","","","","","22927110","7.15016","7.88414","3.3131","0","14126","thing","Battlestar Galactica: The Board Game – Pegasus Expansion","3","7","180","180","120","2012","4,5,6,7","5,6","14+","Extensive use of text - massive conversion needed to be playable","","","","","","expansion","","","","","","","","","","","","Stratelibri","Italian","2012","Italian edition"
"Battlestar Galactica: il gioco da tavolo","37111","8","0","0","1","0","0","0","0","0","0","0","3","","","","","","17296596","7.52532","7.73112","3.2513","126","41129","thing","Battlestar Galactica: The Board Game","3","6","180","180","120","2012","4,5,6","5","14+","Extensive use of text - massive conversion needed to be playable","","","","","","standalone","","40","EUR","","","2012-11-03","","1","","","","Giochi Uniti","Italian","2012","Italian second edition"
"Beowulf: The Legend","17449","0","0","0","1","0","0","0","0","0","0","0","1","","","","","","54390076","5.94104","6.38601","2.2578","3596","3096","thing","Beowulf: The Legend","2","5","60","60","60","2005","3,4,5","5","10+","Some necessary text - easily memorized or small crib sheet","","","","","","standalone","","","","","","","","","","","","Fantasy Flight Games","English","2005","English first edition"
"Betrayal at Baldur's Gate","228660","8.4","0","0","1","0","0","0","0","0","0","0","3","","","","","","106677479","6.44054","7.06182","2.5765","1492","12678","thing","Betrayal at Baldur's Gate","3","6","60","60","60","2017","3,4,5,6","5","12+","Extensive use of text - massive conversion needed to be playable","","","","","","standalone","","40","EUR","","","2023-05-20","","1","","","","Avalon Hill","English","2017","English edition"
"Betrayal at House on the Hill","10547","8.5","2","0","1","0","0","0","0","0","0","0","3","","","","","","12107199","6.78274","7.00622","2.399","783","87481","thing","Betrayal at House on the Hill","3","6","60","60","60","2010","3,4,5,6","5,6","12+","Extensive use of text - massive conversion needed to be playable","","","","2193","","standalone","","","","","","","","","","","","Avalon Hill; Hasbro; Wizards of the Coast","English","2010","English second edition (with problem tiles)"
"Betrayal at House on the Hill: Widow's Walk","198452","0","0","0","1","0","0","0","0","0","0","0","1","","","","","","60819459","6.65678","7.42916","2.7692","0","19192","thing","Betrayal at House on the Hill: Widow's Walk","3","6","60","0","60","2016","3,4,5,6","4,5,6","12+","Extensive use of text - massive conversion needed to be playable","","","","","","expansion","","","","","","","","","","","","Avalon Hill; Hasbro; Lone Shark Games; Wizards of the Coast","English","2016","English edition"
"Beyond Humanity: Colonies","260524","8","0","0","1","0","0","0","0","0","0","0","1","","","","","","102497326","5.70296","7.81796","3.5","6346","490","thing","Beyond Humanity: Colonies","1","5","180","180","60","2022","1,2,3,4,5","1,4,5","14+","Extensive use of text - massive conversion needed to be playable","","","","","","standalone","","","","","","","","","","","","Three-Headed Monster","English","2022","English edition"
"Black Orchestra","156858","9","0","0","1","0","0","0","0","0","0","0","1","","","","","","81790568","6.96151","7.47912","2.4194","550","12703","thing","Black Orchestra","1","5","90","90","90","2020","1,2,3,4,5","3","12+","Extensive use of text - massive conversion needed to be playable","","","","","","standalone","","","","","","","","","","","","Starling Games (II)","Italian","2020","Italian edition"
"Bobbidi Boom","229369","0","0","0","1","0","0","0","0","0","0","0","3","","","","","","50865462","5.58097","6.55217","1.8125","10666","446","thing","Bobbidi Boom","3","5","30","30","20","2017","3,4,5","5","8+","No necessary in-game text","","","","","","standalone","","","","","","","","","","","","Fever Games","English; Italian","2017","English/Italian edition"
"Bonsai","366994","7","0","0","1","0","0","0","0","0","0","0","3","","","","","","133410427","6.52095","7.15848","1.7778","1296","7106","thing","Bonsai","1","4","40","40","40","2023","1,2,3,4","3","8+","No necessary in-game text","","","","","","standalone","","","","","","","","","","","","DV Games","Italian","2023","Italian edition"
"Bonsai: Vigorous Growth and Specialists","394083","0","0","0","1","0","0","0","0","0","0","0","3","","","","","","133410435","5.53541","6.64494","2.3333","0","765","thing","Bonsai: Vigorous Growth and Specialists","1","4","40","0","40","2023","1,2,3,4","4","8+","","","","","","","expansion","","","","","","","","","","","","DV Games","English; Italian","2023","English/Italian edition"
"Bonsai: Wabi Sabi","422336","0","0","0","1","0","0","0","0","0","0","0","3","","","","","","133410433","5.59399","7.7295","2","0","867","thing","Bonsai: Wabi Sabi","1","5","40","40","40","2024","1,2,3,4,5","4,5","8","","","","","","","expansion","","","","","","","","","","","","DV Games","Italian","2024","Italian edition"
"Boss Monster 2: Il livello successivo","174973","0","0","0","1","0","0","0","0","0","0","0","1","","","","","","41697110","6.1674","6.70354","1.8444","2378","13971","thing","Boss Monster 2: The Next Level","2","4","30","30","20","2017","2,3,4","2","10+","Moderate in-game text - needs crib sheet or paste ups","","","","","","standalone","","","","","","","","","","","","Fever Games","Italian","2017","Italian edition"
"Boss Monster: Costruisci il tuo dungeon","131835","0","0","0","1","0","0","0","0","0","0","0","3","","","","","","33871211","6.0766","6.26846","1.8469","2812","40257","thing","Boss Monster: The Dungeon Building Card Game","2","4","30","30","30","2015","2,3,4","4","8+","Moderate in-game text - needs crib sheet or paste ups","","","","","","standalone","","","","","","","","","","","","Fever Games","Italian","2015","Italian edition"
"Boss Monster: Final Form! Promo Card","206997","0","0","0","1","0","0","0","0","0","0","0","1","","","","","","41697134","5.51408","7.04839","0","0","242","thing","Boss Monster: Final Form! Promo Card","2","4","30","30","20","2016","","","21 and up–2","","","","","","","expansion","","","","","","","","","","","","Brotherwise Games","English","2016","English edition"
"Boss Monster: La rivincita degli eroi","133772","0","0","0","1","0","0","0","0","0","0","0","1","","","","","","41697113","6.05177","6.76941","1.7647","0","10459","thing","Boss Monster: Tools of Hero-Kind","2","4","20","20","20","2016","2,3,4","2,3","8+","Moderate in-game text - needs crib sheet or paste ups","","","","","","expansion","","","","","","","","","","","","Fever Games","Italian","2016","Italian edition"
"Brivido","1613","5","1","0","1","0","0","0","0","0","0","0","3","","","","","","6987339","5.4426","5.45958","1.1053","30873","3403","thing","Ghost Castle","2","4","45","45","45","1985","2,3,4","4","5–12","No necessary in-game text","","","","","","standalone","","","","","","","","","","","","MB Giochi","Italian","1985","MB Italian edition"
"Brivido","1613","0","1","0","1","0","0","0","0","0","0","0","3","","","","","","111309692","5.4426","5.45958","1.1053","30873","3403","thing","Ghost Castle","2","4","45","45","45","2021","2,3,4","4","5–12","No necessary in-game text","","","","","","standalone","","","","","","","","","","","","Grandi Giochi","Italian","2021","Grandi Giochi Italian edition"
"Bulp!","31068","4","0","0","1","0","0","0","0","0","0","0","3","","","","","","12207995","5.47928","5.10341","1.4","29731","214","thing","Bulp!","2","4","20","20","20","2007","","","8","No necessary in-game text","","","","","","standalone","","","","","","","","","","","","Giochix.it","English; German; Italian","2007","English/German/Italian edition"
"C'era Una Volta","1234","8","0","0","1","0","0","0","0","0","0","0","1","","","","","","10165408","6.12403","6.35181","1.3716","2572","18672","thing","Once Upon a Time: The Storytelling Card Game","2","6","30","30","30","1995","3,4,5,6","5,6","8+","Moderate in-game text - needs crib sheet or paste ups","","","","","","standalone","","20","EUR","","","2010-03-14","","","","","","Unicorn (I)","Italian","1995","Italian edition 1995"
"Canvas","290236","9","0","0","1","0","0","0","0","0","0","0","3","","","","","","111309415","6.92052","7.18682","1.7293","607","33308","thing","Canvas","1","5","30","30","30","2021","1,2,3,4,5","3,4","8+","Some necessary text - easily memorized or small crib sheet","","","","","","standalone","","","","","","","","","","","","GateOnGames; Road To Infamy Games (R2i Games)","Italian","2021","Italian edition"
"Canvas: Reflections","335172","0","0","0","1","0","0","0","0","0","0","0","3","","","","","","111309430","6.29891","7.65713","2.037","0","8331","thing","Canvas: Reflections","1","5","30","30","30","2021","1,2,3,4,5","3,4","8+","Some necessary text - easily memorized or small crib sheet","","","","","","expansion","","","","","","","","","","","","Road To Infamy Games (R2i Games)","Italian","2021","Italian edition"
"Capitán Sonar","171131","0","0","0","1","0","0","0","0","0","0","0","1","","","","","","81790359","7.28272","7.49549","2.2041","249","34467","thing","Captain Sonar","2","8","60","60","45","2016","6,7,8","8","12+","No necessary in-game text","","","","","","standalone","","","","","","","","","","","","Pendragon Game Studio","Italian","2016","Italian edition"
"Carcassonne","822","10","15","0","1","0","0","0","0","0","0","0","1","","","","","","6780992","7.29894","7.41658","1.8838","240","227191","thing","Carcassonne","2","5","45","45","30","2004","2,3,4,5","2","8+","No necessary in-game text","","","","","","standalone","","","","","","","","","","","","Hans im Glück","German","2004","German edition 2004"
"Carcassonne Mayflower","34615","9.5","5","2","1","0","0","0","0","0","0","0","1","","","","","","8390646","5.96531","6.48011","2.0457","3440","4329","thing","New World: A Carcassonne Game","2","5","45","45","45","2008","2,3,4","3","10+","No necessary in-game text","","","","","","standalone","","17","EUR","","","2009-07-10","","1","","","","Hans im Glück","German","2008","German edition"
"Carcassonne: 2. Erweiterung - Händler und Baumeister","5405","10","10","0","1","0","0","0","0","0","0","0","1","","","","","","6781005","7.32225","7.62486","2.0575","0","45228","thing","Carcassonne: Traders & Builders","2","6","60","60","60","2003","2,3,4,5","2,3","8+","No necessary in-game text","","","","","","expansion","","","","","","","","","","","","Hans im Glück","German","2003","Hans im Glück German first edition 2003"
"Carcassonne: Abbey & Mayor","31784","10","0","0","1","0","0","0","0","0","0","0","1","","","","","","7172018","6.61694","7.15612","2.0189","0","19470","thing","Carcassonne: Abbey & Mayor","2","6","30","30","30","2007","2,3,4,5,6","3","8+","No necessary in-game text","","","","","","expansion","","","","","","","","","","","","Rio Grande Games","English","2007","Rio Grande English first edition"
"Carcassonne: Bazar, Ponti e Castelli","66646","7","0","0","1","0","0","0","0","0","0","0","3","","","","","","13002333","6.3273","7.03767","2.0588","0","13060","thing","Carcassonne: Expansion 8 – Bridges, Castles and Bazaars","2","6","45","45","30","2010","2,3,4,5","3,4","8+","No necessary in-game text","","","","","","expansion","","","","","","","","","","","","Hans im Glück; Stupor Mundi; Venice Connection","Italian","2010","Venice Connection Italian edition"
"Carcassonne: Catapult","38855","0","0","0","1","0","0","0","0","0","0","0","1","","","","","","18586564","5.21875","4.86799","1.3704","0","5017","thing","Carcassonne: Catapult","2","6","45","45","30","2008","2,3,4","2","8+","No necessary in-game text","","","","","","expansion","","","","","","","","","","","","Rio Grande Games","English","2008","English edition"
"Carcassonne: Corn Circles II","120686","6","0","0","1","0","0","0","0","0","0","0","1","","","","","","17281684","5.67394","6.476","1.7368","0","2653","thing","Carcassonne: Corn Circles II","2","6","40","40","40","2012","2,3,4,5,6","2","8+","No necessary in-game text","","","","","","expansion","","","","","","","","","","","","Rio Grande Games","English","2012","English edition"
"Carcassonne: Die Häuser","130998","0","0","0","1","0","0","0","0","0","0","0","1","","","","","","17281687","5.58157","6.38024","1.8333","0","1833","thing","Carcassonne: Little Buildings","2","6","0","0","0","2012","2,3,4,5,6","2","","No necessary in-game text","","","","","","expansion","","","","","","","","","","","","W. Nostheide Verlag GmbH","German","2012","Spielbox German edition"
"Carcassonne: Die Windrosen","131676","0","0","0","1","0","0","0","0","0","0","0","1","","","","","","20886781","5.59372","6.46875","1.6364","0","2142","thing","Carcassonne: Die Windrosen","2","6","0","0","0","2012","2,3,4","2","","No necessary in-game text","","","","","","expansion","","","","","","","","","","","","Hans im Glück","German","2012","German first edition"
"Carcassonne: Halb so wild I","166052","0","0","0","1","0","0","0","0","0","0","0","1","","","","","","25516369","5.6196","6.82794","2.125","0","1886","thing","Carcassonne: Halb so wild I","2","6","0","0","0","2014","2,3,4,5","2","8","No necessary in-game text","","","","","","expansion","","","","","","","","","","","","W. Nostheide Verlag GmbH","German","2014","Spielbox German first edition"
"Carcassonne: King & Scout","7707","8.75","0","0","1","0","0","0","0","0","0","0","3","","","","","","7005357","6.14266","6.60374","1.7965","0","9517","thing","Carcassonne: King & Scout","2","5","45","45","45","2003","2,3,4,5","2,3","8+","No necessary in-game text","","","","","","expansion","","","","","","","","","","","","Rio Grande Games","English","2003","English edition"
"Carcassonne: Locande & Cattedrali","2993","10","6","0","1","0","0","0","0","0","0","0","1","","","","","","6780995","7.39406","7.64716","1.9259","0","54492","thing","Carcassonne: Inns & Cathedrals","2","6","60","60","60","2002","2,3,4,5,6","2,3","8+","No necessary in-game text","","","","","","expansion","","","","","","","","","","","","Venice Connection","Italian","0","Italian edition"
"Carcassonne: Mage & Witch","118618","0","0","0","1","0","0","0","0","0","0","0","1","","","","","","17281677","5.87317","6.73857","1.675","0","5622","thing","Carcassonne: Mage & Witch","2","6","0","0","0","2012","2,3,4,5","2","8+","No necessary in-game text","","","","","","expansion","","","","","","","","","","","","Rio Grande Games","English","2012","English first edition"
"Carcassonne: Pecore e Colline","153773","0","0","0","1","0","0","0","0","0","0","0","3","","","","","","25045428","6.34556","7.34563","1.8654","0","9655","thing","Carcassonne: Sheep & Shepherds","2","6","40","40","40","2018","2,3,4,5,6","2,3,4","8+","No necessary in-game text","","","","","","expansion","","","","","","","","","","","","Giochi Uniti; Hans im Glück; Schmidt Spiele","Italian","2018","Italian second edition"
"Carcassonne: The Count of Carcassonne","12903","9.7","0","0","1","0","0","0","0","0","0","0","1","","","","","","7172019","5.74732","5.96891","2.0059","0","9746","thing","Carcassonne: The Count of Carcassonne","2","6","60","60","60","2004","2,3,4,5","3,4","8+","No necessary in-game text","","","","","","expansion","","","","","","","","","","","","Rio Grande Games","English","2004","English edition"
"Carcassonne: The Ferries","118614","0","0","0","1","0","0","0","0","0","0","0","1","","","","","","17281679","5.93022","6.77454","1.8113","0","5899","thing","Carcassonne: The Ferries","2","6","0","0","0","2012","2,3,4,5","2","8+","No necessary in-game text","","","","","","expansion","","","","","","","","","","","","Rio Grande Games","English","2012","English first edition"
"Carcassonne: The Flier","118615","0","0","0","1","0","0","0","0","0","0","0","1","","","","","","17281672","5.91397","6.6663","1.7447","0","6111","thing","Carcassonne: The Flying Machines","2","6","0","0","0","2012","2,3,4,5,6","2,3","8+","No necessary in-game text","","","","","","expansion","","","","","","","","","","","","Rio Grande Games","English","2012","English first edition"
"Carcassonne: The Goldmines","118617","0","0","0","1","0","0","0","0","0","0","0","1","","","","","","17281676","5.97835","6.90875","1.7955","0","5914","thing","Carcassonne: The Gold Mines","2","6","0","0","0","2012","2,3,4,5,6","2,3,4","8+","No necessary in-game text","","","","","","expansion","","","","","","","","","","","","Rio Grande Games","English","2012","English first edition"
"Carcassonne: The Messages","118619","0","0","0","1","0","0","0","0","0","0","0","3","","","","","","15470770","5.77241","6.42189","1.8","0","5886","thing","Carcassonne: The Messengers","2","6","0","0","0","2012","2,3,4,5,6","2,4","8+","No necessary in-game text","","","","","","expansion","","","","","","","","","","","","Rio Grande Games","English","2012","English first edition"
"Carcassonne: The Phantom","92332","0","0","0","1","0","0","0","0","0","0","0","3","","","","","","13784827","6.25688","7.57261","1.5714","0","5301","thing","Carcassonne: The Phantom","2","6","45","45","45","2011","2,3,4,5,6","2","8+","No necessary in-game text","","","","","","expansion","","5","USD","","","2011-09-11","Wizard's Chest Denver, CO","1","","","","Rio Grande Games","English","2011","Rio Grande English blue box edition"
"Carcassonne: The Plague","85003","0","0","0","1","0","0","0","0","0","0","0","3","","","","","","12030715","5.64372","6.53731","2.2105","0","2089","thing","Carcassonne: The Plague","2","6","60","60","60","2010","3,4,5,6","5,6","","No necessary in-game text","","","","","","expansion","","","","","","","","","","","","W. Nostheide Verlag GmbH","English","2010","Spielbox English edition"
"Carcassonne: The Princess & the Dragon","15158","9","4","0","1","0","0","0","0","0","0","0","1","","","","","","6780998","6.51712","6.82397","1.9917","0","29873","thing","Carcassonne: Dragon & Fairy","2","6","60","60","60","2005","2,3,4,5,6","3,4","8+","No necessary in-game text","","","","","","expansion","","","","","","","","","","","","Rio Grande Games","English","2005","English edition 2005"
"Carcassonne: The River II","18836","10","4","0","1","0","0","0","0","0","0","0","1","","","","","","7172016","6.57049","7.21684","1.6926","0","10341","thing","Carcassonne: The River II","2","6","60","60","60","2005","2,3,4,5,6","3","8+","No necessary in-game text","","","","","","expansion","","","","","","","","","","","","Hans im Glück; Rio Grande Games","English","2005","English edition"
"Carcassonne: The Robbers","118616","0","0","0","1","0","0","0","0","0","0","0","1","","","","","","17281682","5.70442","6.25918","1.7381","0","5347","thing","Carcassonne: The Robbers","2","6","0","0","0","2012","3,4,5,6","2,4","8+","No necessary in-game text","","","","","","expansion","","","","","","","","","","","","Rio Grande Games","English","2012","English first edition"
"Carcassonne: The Tower","21385","8.75","1","0","1","0","0","0","0","0","0","0","1","","","","","","6781002","6.2481","6.60919","2.163","0","20414","thing","Carcassonne: Towers & Thieves","2","6","60","60","60","2006","2,3,4,5","3","8+","No necessary in-game text","","","","","","expansion","","","","","","","","","","","","Rio Grande Games","English","2006","Rio Grande English edition 2006"
"Carpe Diem","245934","0","0","0","1","0","0","0","0","0","0","0","3","","","","","","84262703","7.0455","7.48678","2.5349","461","14228","thing","Carpe Diem","2","4","75","75","45","2021","2,3,4","3","10+","No necessary in-game text","","","","","","standalone","","","","","","","","","","","","alea; Ravensburger AG","English; French; German; Italian; Spanish","2021","Multilingual edition 2021"
"Cartographers Heroes: Collector's Edition","322045","9","0","0","1","0","0","0","0","0","0","0","1","","","","","","111309649","6.17036","8.08954","2.0909","0","3148","thing","Cartographers Heroes: Collector's Edition","1","100","45","45","30","2021","1,2,3,4,5,6,7,8,9,10,11,12,13,14,15,16,17,18,19,20,21,22,23,24,25,26,27,28,29,30,31","4","8+","","","","","","","standalone","","","","","","","","","","","","Thunderworks Games","English","2021","English edition"
"Le Case della Follia: Il Richiamo della Foresta","131751","0","0","0","1","0","0","0","0","0","0","0","1","","","","","","41696486","6.30702","8.12593","3.4222","0","4593","thing","Mansions of Madness: Call of the Wild","2","5","180","180","120","2013","3,4,5","5","14+","Extensive use of text - massive conversion needed to be playable","","","","","","expansion","","","","","","","","","","","","Giochi Uniti","Italian","2013","Italian edition"
"Le Case della Follia: Seconda Edizione","205059","10","0","0","1","0","0","0","0","0","0","0","3","","","","","","40169141","7.67314","7.91161","2.6904","79","66859","thing","Mansions of Madness: Second Edition","1","5","180","180","120","2016","1,2,3,4,5","3,4","12+","Extensive use of text - massive conversion needed to be playable","","","","","","standalone","","","","","","","","","","","","Asterion Press; Fantasy Flight Games","Italian","2016","Italian edition"
"Le Case della Follia: Seconda Edizione – Il Sentiero del Serpente","283094","0","0","0","1","0","0","0","0","0","0","0","3","","","","","","66204893","6.64816","8.51581","3","0","10851","thing","Mansions of Madness: Second Edition – Path of the Serpent: Expansion","1","5","180","180","120","2019","1,2,3,4","4","12+","Unplayable in another language","","","","","","expansion","","","","","","","","","","","","Fantasy Flight Games","Italian","2019","Italian edition"
"Le Case della Follia: Seconda Edizione – Incubi Ricorrenti: Raccolta di Miniature e Tessere","206547","0","0","0","1","0","0","0","0","0","0","0","1","","","","","","41696501","6.44145","8.1558","2.6667","0","6821","thing","Mansions of Madness: Second Edition – Recurring Nightmares: Figure and Tile Collection","1","5","180","180","120","2016","1,2,3,4,5","3","12+","Extensive use of text - massive conversion needed to be playable","","","","","","expansion","","","","","","","","","","","","Asterion Press; Fantasy Flight Games","Italian","2016","Italian edition"
"Le Case della Follia: Seconda Edizione – La Loggia del Crepuscolo: Espansione","241533","0","0","0","1","0","0","0","0","0","0","0","1","","","","","","55591225","6.83256","8.37608","2.619","0","14345","thing","Mansions of Madness: Second Edition – Sanctum of Twilight: Expansion","1","5","180","180","120","2018","1,2,3,4,5","4","14+","Extensive use of text - massive conversion needed to be playable","","","","","","expansion","","","","","","","","","","","","Fantasy Flight Games","Italian","2018","Italian edition"
"Le Case della Follia: Seconda Edizione – Oltre la Soglia: Espansione","210674","0","0","0","1","0","0","0","0","0","0","0","1","","","","","","47740346","7.10425","8.34144","2.7","0","19137","thing","Mansions of Madness: Second Edition – Beyond the Threshold: Expansion","1","5","180","180","120","2017","1,2,3,4,5","4","12+","Unplayable in another language","","","","","","expansion","","","","","","","","","","","","Asterion Press; Fantasy Flight Games","Italian","2017","Italian edition"
"Le Case della Follia: Seconda Edizione – Strade di Arkham: Espansione","229987","0","0","0","1","0","0","0","0","0","0","0","1","","","","","","55591221","7.10519","8.55324","2.7097","0","16725","thing","Mansions of Madness: Second Edition – Streets of Arkham: Expansion","1","5","180","180","120","2018","1,2,3,4,5","4","12+","Extensive use of text - massive conversion needed to be playable","","","","","","expansion","","","","","","","","","","","","Fantasy Flight Games","Italian","2018","Italian edition"
"Le Case della Follia: Seconda Edizione – Viaggi Terrificanti: Espansione","255823","0","0","0","1","0","0","0","0","0","0","0","1","","","","","","55591228","6.9029","8.58373","2.8571","0","13216","thing","Mansions of Madness: Second Edition – Horrific Journeys: Expansion","1","5","180","180","120","2019","1,2,3,4","3","12+","Unplayable in another language","","","","","","expansion","","","","","","","","","","","","Fantasy Flight Games","Italian","2019","Italian edition"
"Le Case della Follia: Seconda Edizione – Visioni dall'Oblio: Raccolta di Miniature e Tessere","206548","0","0","0","1","0","0","0","0","0","0","0","1","","","","","","41696499","6.4373","8.13728","2.6","0","6961","thing","Mansions of Madness: Second Edition – Suppressed Memories: Figure and Tile Collection","1","5","180","180","120","2016","1,2,3,4,5","2,3","12+","Unplayable in another language","","","","","","expansion","","","","","","","","","","","","Asterion Press; Fantasy Flight Games","Italian","2016","Italian edition"
"I Castelli della Borgogna","84876","0","0","0","1","0","0","0","0","0","0","0","1","","","","","","111439875","8.03258","8.16296","2.9702","17","85237","thing","The Castles of Burgundy","2","4","90","90","30","2017","2,3,4","2","12+","No necessary in-game text","","","","","","standalone","","","","","","","","","","","","Giochi Uniti","Italian","2017","Giochi Uniti Italian edition"
"Il Castello del Diavolo","25951","0","0","0","1","0","0","0","0","0","0","0","3","","","","","","12252257","5.91519","6.41756","1.974","3800","3167","thing","The Castle of the Devil","4","8","40","40","20","2010","5,6,7,8","6,8","10+","Moderate in-game text - needs crib sheet or paste ups","","","","","","standalone","","18","EUR","","","2011-03-26","","1","","","","DV Games","Italian","2010","dV Giochi Italian edition"
"Castle Panic","43443","0","0","0","1","0","0","0","0","0","0","0","3","","","","","","13784841","6.46314","6.65535","1.6565","1432","31340","thing","Castle Panic","1","6","60","60","30","2010","1,2,3,4,5,6","4","6+","Some necessary text - easily memorized or small crib sheet","","","","","","standalone","","25","USD","","","2011-09-09","B&N Downtown Denver CO","1","","","","Fireside Games","English","2010","English edition, fourth printing"
"The Castles of Tuscany","300327","0","0","0","1","0","0","0","0","0","0","0","3","","","","","","84262707","6.54399","7.20975","2.2373","1233","7576","thing","The Castles of Tuscany","2","4","60","60","45","2020","2,3,4","3","10+","No necessary in-game text","","","","","","standalone","","","","","","","","","","","","alea","English; French; German; Italian; Spanish","2020","Multilingual edition"
"Cat in the Box","345972","0","0","0","1","0","0","0","0","0","0","0","3","","","","","","137394972","7.11455","7.4256","2.0455","383","25311","thing","Cat in the Box: Deluxe Edition","2","5","40","40","20","2024","3,4,5","4","10+","No necessary in-game text","","","","","","standalone","","","","","","","","","","","","Lucky Duck Games; Pegasus Spiele","Italian; Polish","2024","Polish/Italian edition"
"Cavum","37734","0","0","0","1","0","0","0","0","0","0","0","3","","","","","","11886443","5.9261","6.66903","3.5929","3705","2149","thing","Cavum","2","4","120","120","120","2008","2,3,4","3","12+","No necessary in-game text","","","","","","standalone","","","","","","","","","","","","Quined White Goblin Games","Dutch; English; French; German","2008","Multilingual first edition"
"Centauri Saga","170223","0","0","0","1","0","0","0","0","0","0","0","1","","","","","","35456592","5.61263","6.51014","2.9412","8926","943","thing","Centauri Saga","1","4","90","90","60","2016","1,2,3,4","2,4","12+","Some necessary text - easily memorized or small crib sheet","","","","","","standalone","","","","","","","","","","","","Vesuvius Media","English","2016","English first edition"
"Century: Il Nuovo Mondo","270970","9","0","0","1","0","0","0","0","0","0","0","3","","","","","","111309719","6.71598","7.26771","2.1101","893","12615","thing","Century: A New World","2","4","45","45","30","2019","2,3,4","3","8+","No necessary in-game text","","","","","","standalone","","","","","","","","","","","","Plan B Games","Italian","2019","Italian edition"
"Century: La Via delle Spezie","209685","0","0","0","1","0","0","0","0","0","0","0","1","","","","","","111309315","7.1008","7.28671","1.804","394","35547","thing","Century: Spice Road","2","5","45","45","30","2017","2,3,4,5","3,4","8+","No necessary in-game text","","","","","","standalone","","","","","","","","","","","","asmodee","Italian","2017","Italian edition"
"Century: Meraviglie Orientali","242574","0","0","0","1","0","0","0","0","0","0","0","3","","","","","","111309722","6.70235","7.09708","2.1081","920","15975","thing","Century: Eastern Wonders","2","4","45","45","30","2018","2,3,4","4","8+","No necessary in-game text","","","","","","standalone","","","","","","","","","","","","asmodee","Italian","2018","Italian edition"
"Chess","171","0","0","0","1","0","0","0","0","0","0","0","1","","","","","","111309382","7.04218","7.24276","3.6418","463","62144","thing","Chess","2","2","0","0","0","1475","2","2","6+","No necessary in-game text","","","","","","standalone","","","","","","","","","","","","","","",""
"Chez Geek","553","7","0","0","1","0","0","0","0","0","0","0","3","","","","","","9699874","5.57801","5.70282","1.4153","10857","8318","thing","Chez Geek","2","5","60","60","60","1999","3,4,5","4,5","16+","Extensive use of text - massive conversion needed to be playable","3242","","","2193","","standalone","","","","","","","","","","","","","","",""
"Chronicles of Crime","239188","0","0","0","1","0","0","0","0","0","0","0","1","","","","","","76331017","7.1418","7.52329","2.0636","358","42161","thing","Chronicles of Crime","1","4","90","90","60","2018","1,2,3","2","12+","Extensive use of text - massive conversion needed to be playable","","","","","","standalone","","","","","","","","","","","","Lucky Duck Games","English","2018","English first edition"
"Chronicles of Crime: 1400","300300","0","0","0","1","0","0","0","0","0","0","0","1","","","","","","76331025","6.76817","7.67858","1.9888","815","13431","thing","Chronicles of Crime: 1400","1","4","90","90","60","2020","1,2,3","2","12+","Unplayable in another language","","","","","","standalone","","","","","","","","","","","","Lucky Duck Games","English","2020","English edition"
"Chronicles of Crime: 1900","302098","0","0","0","1","0","0","0","0","0","0","0","1","","","","","","76331022","6.52832","7.87876","1.9149","1278","10140","thing","Chronicles of Crime: 1900","1","4","90","90","60","2021","1,2,3","2","12+","Some necessary text - easily memorized or small crib sheet","","","","","","standalone","","","","","","","","","","","","Lucky Duck Games","English","2021","English edition"
"Chronicles of Crime: 2400","302312","0","0","0","1","0","0","0","0","0","0","0","1","","","","","","76331023","6.2487","7.59669","2.1852","2059","9199","thing","Chronicles of Crime: 2400","1","4","90","90","60","2021","1,2,3","2","14+","Extensive use of text - massive conversion needed to be playable","","","","","","standalone","","","","","","","","","","","","Lucky Duck Games","English","2021","English edition"
"Chronicles of Crime: Noir","249811","0","0","0","1","0","0","0","0","0","0","0","1","","","","","","76331028","6.52617","7.96494","2.0345","0","10361","thing","Chronicles of Crime: Noir","1","4","90","90","60","2018","1,2,3,4","2","14+","Extensive use of text - massive conversion needed to be playable","","","","","","expansion","","","","","","","","","","","","Lucky Duck Games","English","2018","English edition"
"Chronicles of Crime: The Millennium Series – Chronicles of Time Expansion","313301","0","0","0","1","0","0","0","0","0","0","0","1","","","","","","76331018","5.7547","7.86115","3","0","4538","thing","Chronicles of Crime: The Millennium Series – Chronicles of Time Expansion","1","4","90","90","60","2020","1,2,3,4","2","12+","Unplayable in another language","","","","","","expansion","","","","","","","","","","","","Lucky Duck Games","English","2020","Kickstarter edition"
"Chronicles of Crime: Welcome to Redview","258089","0","0","0","1","0","0","0","0","0","0","0","1","","","","","","76331027","6.19001","7.61494","2","0","8299","thing","Chronicles of Crime: Welcome to Redview","1","4","90","90","30","2018","1,2,3,4","2","12+","Some necessary text - easily memorized or small crib sheet","","","","","","expansion","","","","","","","","","","","","","","",""
"Chrononauts","815","8.5","0","0","1","0","0","0","0","0","0","0","3","","","","","","32102167","5.92992","6.18909","1.8499","3681","10401","thing","Chrononauts","1","6","30","30","30","2013","1,2,3,4,5","4","10+","Moderate in-game text - needs crib sheet or paste ups","","","","","","standalone","","","","","","2015-12-28","","1","Gift by Antonio Vaccarino + Raffaele Trojanis","","2015-12-28","Looney Labs","English","2013","English 1.5 edition"
"Chrononauts: The Gore Years","53708","0","0","0","1","0","0","0","0","0","0","0","3","","","","","","32778030","5.67012","6.53117","1.8636","0","1955","thing","Chrononauts: The Gore Years","1","6","45","45","45","2009","1,2,3,4,5,6","1,4","10+","Moderate in-game text - needs crib sheet or paste ups","","","","","","expansion","","","","","","","","","","","","Looney Labs","English","2009","English first edition"
"Citadels","478","8","3","0","1","0","0","0","0","0","0","0","1","","","","","","14162270","6.92869","7.05306","2.0466","598","80067","thing","Citadels","2","8","60","60","20","2007","2,3,4,5,6,7","5","10+","Moderate in-game text - needs crib sheet or paste ups","","","","","","standalone","","","","","","","","","","","","Fantasy Flight Games; Nexus Editrice","Italian","2007","Fantasy Flight Italian edition with Dark City expansion"
"Classic Art","344","0","0","0","1","0","0","0","0","0","0","0","3","","","","","","145844112","5.73465","6.59187","2.0816","5767","1360","thing","Classic Art","2","5","60","60","30","2023","3,4,5","4","10+","No necessary in-game text","","","","","","standalone","","","","","","","","","","","","CMON Global Limited","Italian","2023","Italian edition"
"Coloni di Catan, I","13","9.5","6","0","1","0","0","0","0","0","0","0","1","","","","","","6781094","6.9014","7.08993","2.2803","627","244832","thing","Catan","3","4","120","120","60","1995","3,4","4","8+","Some necessary text - easily memorized or small crib sheet","","","","","","standalone","","","","","","","","","","","","Giochi Uniti; KOSMOS","Italian","0","Italian edition"
"Consiglio dei Quattro","173101","0","0","0","1","0","0","0","0","0","0","0","3","","","","","","78526931","6.4168","7.11061","2.6887","1553","4551","thing","Council of 4","2","4","75","75","40","2015","2,3,4","3,4","10+","No necessary in-game text","","","","","","standalone","","","","","","","","","","","","Cranio Creations","Italian","2015","Italian first edition"
"Cosmic Encounter","39463","0","0","0","1","0","0","0","0","0","0","0","3","","","","","","50865431","7.31095","7.505","2.5831","234","43921","thing","Cosmic Encounter","3","5","120","120","60","2014","4,5","5","12+","Extensive use of text - massive conversion needed to be playable","","","","","","standalone","","","","","","","","","","","","Asterion Press","Italian","2014","Italian edition"
"Cosmic Encounter","40529","0","0","0","1","0","0","0","0","0","0","0","1","","","","","","54390055","6.02058","7.204","2.6406","3097","1731","thing","Cosmic Encounter","3","6","60","60","60","1991","4,5,6","5,6","12+","Extensive use of text - massive conversion needed to be playable","","","","","","standalone","","","","","","","","","","","","Mayfair Games","English","1991","Mayfair edition"
"Creationary","41833","7.5","0","0","1","0","0","0","0","0","0","0","2","","","","","","9561706","5.67888","5.93281","1.35","6870","4911","thing","Creationary","3","8","60","60","30","2009","3,4,5,6,7,8","4,5,6","6+","No necessary in-game text","","","","","","standalone","","","","","","","","","","","","LEGO","Dutch; English; French; German; Italian","2009","Multilingual edition"
"The Crew: Alla Scoperta del Pianeta Nove","284083","0","0","0","1","0","0","0","0","0","0","0","1","","","","","","95303905","7.61062","7.74916","1.9685","97","95167","thing","The Crew: The Quest for Planet Nine","2","5","20","20","20","2020","3,4,5","4","10+","No necessary in-game text","","","","","","standalone","","","","","","","","","","","","Giochi Uniti; KOSMOS","Italian","2020","Italian edition"
"Crusader Kings","253574","0","0","0","1","0","0","0","0","0","0","0","3","","","","","","55591197","5.80723","6.81553","3.3462","4761","2011","thing","Crusader Kings","1","5","180","180","180","2019","3,4,5","5","14+","Moderate in-game text - needs crib sheet or paste ups","","","","","","standalone","","","","","","","","","","","","Free League Publishing; Ion Game Design; Paradox Interactive AB (I)","English","2019","English edition"
"Cryptid","246784","0","0","0","1","0","0","0","0","0","0","0","1","","","","","","67315938","7.16133","7.42305","2.2599","343","24078","thing","Cryptid","3","5","50","50","30","2019","3,4,5","4","10+","Moderate in-game text - needs crib sheet or paste ups","","","","","","standalone","","","","","","","","","","","","Playagame Edizioni","Italian","2019","Italian first edition"
"Cthulhu Gloom","95234","0","0","0","1","0","0","0","0","0","0","0","1","","","","","","22927120","5.85948","6.38194","1.7927","4256","6527","thing","Cthulhu Gloom","2","5","60","60","60","2011","2,3,4,5","4","12+","Extensive use of text - massive conversion needed to be playable","","","","","","standalone","","","","","","","","","","","","Atlas Games","English","2011","English edition"
"Curious Cargo","312251","0","0","0","1","0","0","0","0","0","0","0","3","","","","","","111440227","6.28661","6.97706","3.2035","1951","6327","thing","Curious Cargo","2","2","60","60","30","2020","2","2","12+","No necessary in-game text","","","","","","standalone","","","","","","","","","","","","Capstone Games","English","2020","English edition"
"Cuzco","249411","0","0","0","1","0","0","0","0","0","0","0","3","","","","","","74377562","6.14152","7.41206","2.6515","2490","3271","thing","Cuzco","2","4","90","90","90","2018","2,3,4","3","12+","No necessary in-game text","","","","","","standalone","","","","","","","","","","","","DV Games","Italian","2018","Italian edition"
"DC Deck-Building Game","125678","0","0","0","1","0","0","0","0","0","0","0","1","","","","","","95303931","6.59599","7.05661","1.9934","1123","13568","thing","DC Deck-Building Game","2","5","45","45","45","2012","2,3,4,5","3","8+","Moderate in-game text - needs crib sheet or paste ups","","","","","","standalone","","","","","","","","","","","","Cryptozoic Entertainment","English","2012","English edition"
"DC Deck-Building Game: Crisis Expansion Pack 1","155428","0","0","0","1","0","0","0","0","0","0","0","1","","","","","","95303932","5.98587","7.10332","2.4722","0","4295","thing","DC Deck-Building Game: Crisis Expansion Pack 1","1","5","120","120","120","2014","1,2,3,4","4","8+","Extensive use of text - massive conversion needed to be playable","","","","","","expansion","","","","","","","","","","","","Cryptozoic Entertainment","English","2014","English edition"
"Deckscape: Furto a Venezia","245045","0","0","0","1","0","0","0","0","0","0","0","3","","","","","","60487803","6.03326","6.63683","1.6216","3040","4054","thing","Deckscape: Heist in Venice","1","6","90","90","30","2018","2,3,4,5,6","6","12+","Extensive use of text - massive conversion needed to be playable","","","","","","standalone","","","","","","","","","","","","DV Games","Italian","2018","Italian edition"
"Deckscape: il Destino di Londra","230498","0","0","0","1","0","0","0","0","0","0","0","3","","","","","","50865513","5.81508","6.14702","1.9737","4692","4108","thing","Deckscape: The Fate of London","1","6","60","60","60","2017","1,2,3,4","2,3","12+","Extensive use of text - massive conversion needed to be playable","","","","","","standalone","","","","","","","","","","","","DV Games","Italian","2017","Italian edition"
"Deckscape: Il Mistero di Eldorado","258451","0","0","0","1","0","0","0","0","0","0","0","3","","","","","","60487808","5.87515","6.38612","1.7188","4131","3425","thing","Deckscape: The Mystery of Eldorado","1","6","90","90","30","2018","1,2,3,4","2","10+","Extensive use of text - massive conversion needed to be playable","","","","","","standalone","","","","","","","","","","","","DV Games","Italian","2018","Italian edition"
"Decrypto","225694","0","0","0","1","0","0","0","0","0","0","0","1","","","","","","111309125","7.54614","7.7627","1.8253","117","47147","thing","Decrypto","3","8","45","45","15","2018","4,5,6,7,8","4,6","10+","Unplayable in another language","","","","","","standalone","","","","","","","","","","","","asmodee","Italian","2018","Italian edition"
"Destinies","285192","0","0","0","1","0","0","0","0","0","0","0","1","","","","","","84553095","7.07632","7.63982","1.9161","417","18898","thing","Destinies","1","3","150","150","90","2021","1,2,3","2","10+","Extensive use of text - massive conversion needed to be playable","","","","","","standalone","","","","","","","","","","","","Lucky Duck Games","Italian","2021","Italian edition"
"Detective: A Modern Crime Board Game – Stand-Alone Case: Natural Causes","289917","0","0","0","1","0","0","0","0","0","0","0","3","","","","","","66424322","5.59233","7.40968","2.8","0","329","thing","Detective: A Modern Crime Board Game – Stand-Alone Case: Natural Causes","1","5","180","180","120","2019","1,2,3","2","12+","Unplayable in another language","","","","","","expansion","","","","","","","","","","","","Portal Games","English","2019","English edition"
"Detective: A Modern Crime Board Game – Zahra Arvala / Mei Thompson","264414","0","0","0","1","0","0","0","0","0","0","0","3","","","","","","66424321","5.54301","7.17485","0","0","446","thing","Detective: A Modern Crime Board Game – Zahra Arvala / Mei Thompson","1","5","180","180","120","2018","","","","","","","","","","expansion","","","","","","","","","","","","Portal Games","English","2018","English edition"
"Detective: Crimini a L.A.","264005","0","0","0","1","0","0","0","0","0","0","0","3","","","","","","66424325","6.23976","7.69781","3","0","5476","thing","Detective:  L.A. Crimes","1","5","180","180","120","2019","1,2,3,4","2,3","16+","Unplayable in another language","","","","","","expansion","","","","","","","","","","","","Pendragon Game Studio","Italian","2019","Italian edition"
"Detective: sulla scena del crimine","223321","0","0","0","1","0","0","0","0","0","0","0","1","","","","","","111309203","7.14975","7.59567","2.7438","351","24701","thing","Detective: A Modern Crime Board Game","1","5","180","180","120","2018","1,2,3,4","2","16+","Extensive use of text - massive conversion needed to be playable","","","","","","standalone","","","","","","","","","","","","Pendragon Game Studio","Italian","2018","Italian edition"
"Detective: sulla scena del crimine – Caso 6: Suburbia","262328","0","0","0","1","0","0","0","0","0","0","0","3","","","","","","66204521","5.75982","7.29861","2.25","0","1588","thing","Detective: A Modern Crime Board Game – Case 6: Suburbia","1","5","120","120","90","2019","1,2,3,4","2","12+","Unplayable in another language","","","","","","expansion","","","","","","","","","","","","Pendragon Game Studio","Italian","2019","Italian edition"
"Dice Forge","194594","0","0","0","1","0","0","0","0","0","0","0","3","","","","","","50865864","7.00456","7.20979","1.9727","508","39346","thing","Dice Forge","2","4","45","45","45","2017","2,3,4","4","8+","No necessary in-game text","","","","","","standalone","","","","","","","","","","","","Asterion Press","Italian","2017","Italian edition"
"Die Siedler von Catan Ergänzungs-Set für 5 und 6 Spieler","2807","0","0","0","1","0","0","0","0","0","0","0","1","","","","","","6985167","6.69006","6.98199","2.3106","0","57198","thing","Catan: 5-6 Player Expansion","5","6","120","120","120","2007","4,5,6","5","10+","Some necessary text - easily memorized or small crib sheet","","","","","","expansion","","","","","","","","","","","","KOSMOS","German","2007","German third edition with KOSMOS logo on the left"
"Die Siedler von Catan: Das Würfelspiel","27710","0","0","0","1","0","0","0","0","0","0","0","1","","","","","","8638113","5.63847","5.73306","1.2269","7961","19775","thing","Catan Dice Game","1","4","30","30","15","2010","1,2,3","2","8+","No necessary in-game text","","","","","","standalone","","","","","","","","","","","","KOSMOS","German","2010","German edition 2010"
"Dinoland","9362","0","0","0","1","0","0","0","0","0","0","0","1","","","","","","54390059","0","5.99012","0","0","39","thing","Dinoland","2","4","60","60","60","1993","","","","","311","","","2193","","standalone","","","","","","","","","","","","","","",""
"Diplomacy","483","0","0","0","1","0","0","0","0","0","0","0","3","","","","","","9404385","6.71569","7.03383","3.3223","894","25954","thing","Diplomacy","2","7","360","360","360","2008","6,7","7","14+","No necessary in-game text","","","","","","standalone","","15","EUR","","","2009-10-31","","1","","","","Avalon Hill","English","2008","50th anniversary edition"
"Disc Cover","366067","0","0","0","1","0","0","0","0","0","0","0","3","","","","","","133411462","5.61127","6.47132","1.1","8999","824","thing","Disc Cover","3","8","20","20","20","2022","3,4,5,6,7,8","6","8+","No necessary in-game text","","","","","","standalone","","","","","","","","","","","","Blue Orange (EU)","Dutch; English; French; German; Italian; Portuguese; Russian; Spanish","2022","Multilingual edition"
"Discworld: Ankh-Morpork","91312","0","2","0","1","0","0","0","0","0","0","0","3","","","","","","25569373","6.87014","7.25798","2.2069","660","13324","thing","Discworld: Ankh-Morpork","2","4","60","60","60","2011","2,3,4","4","10+","Moderate in-game text - needs crib sheet or paste ups","","","","","","standalone","","","","","","","","","","","","Treefrog Games","English","2011","Treefrog English Collector's Edition"
"Disney Villainous: The Worst Takes it All","256382","0","0","0","1","0","0","0","0","0","0","0","3","","","","","","63495138","6.67297","6.90364","2.4802","971","55387","thing","Disney Villainous: The Worst Takes it All","2","6","120","120","45","2018","2,3,4","3","10+","Extensive use of text - massive conversion needed to be playable","","","","","","standalone","","","","","","","","","","","","Wonder Forge","English","2018","English first edition"
"Disney Villainous: Wicked to the Core","271518","0","0","0","1","0","0","0","0","0","0","0","3","","","","","","63495150","6.76772","7.47669","2.375","819","21919","thing","Disney Villainous: Wicked to the Core","2","3","60","60","40","2019","2,3","3","10+","Extensive use of text - massive conversion needed to be playable","","","","","","standalone","","","","","","","","","","","","Ravensburger AG","English","2019","English edition"
"Dixit 2","55660","0","0","0","1","0","0","0","0","0","0","0","3","","","","","","17296598","7.09179","7.66171","1.229","0","18716","thing","Dixit: Quest","3","6","30","30","30","2012","4,5,6","5,6","8+","No necessary in-game text","","","","","","expansion","","15","EUR","","","2012-11-03","","1","","","","Libellud","Czech; Dutch; English; French; German; Greek; Italian; Japanese; Polish; Portuguese; Spanish","2012","Libellud multilingual edition 2012"
"Dixit: Odyssey","92828","8","0","0","1","0","0","0","0","0","0","0","3","","","","","","15470825","7.13955","7.37628","1.1594","362","35503","thing","Dixit: Odyssey","3","12","30","30","30","2011","4,5,6,7,8,9,10,11,12","6","8+","No necessary in-game text","","","","","","standalone","","","","","","","","","","","","Libellud","English","2011","Libellud English first edition"
"Dobble","63268","10","0","0","1","0","0","0","0","0","0","0","1","","","","","","64680017","6.3546","6.52064","1.0372","1717","52045","thing","Spot it!","2","8","15","15","15","2012","2,3,4,5,6,7","4,5","4+","No necessary in-game text","","","","","","standalone","","","","","","","","","","","","Asterion Press","Italian","2012","Italian edition 2012"
"Dogma: A clash of religions","294666","0","0","0","1","0","0","0","0","0","0","0","1","","","","","","67315951","0","6.36","0","0","59","thing","Dogma: A clash of religions","2","4","60","60","30","2019","2,3,4","2,3","","","","","","","","standalone","","","","","","","","","","","","Freak & Chic LLC; Studio Supernova","Italian","2019","Italian edition"
"Domination","789","0","0","0","1","0","0","0","0","0","0","0","3","","","","","","6985849","5.75585","6.47343","2.3836","5437","1826","thing","Focus","2","4","45","45","45","1982","2,3,4","2,4","8+","No necessary in-game text","","","","","","standalone","","","","","","","","","","","","Milton Bradley","English","1982","MB English edition"
"Dominion","36218","10","7","0","1","0","0","0","0","0","0","0","3","","","","","","9561670","7.47291","7.59708","2.344","146","131827","thing","Dominion","2","4","30","30","30","2009","2,3,4","3","10+","Moderate in-game text - needs crib sheet or paste ups","","","","","","standalone","","","","","","","","","","","","Stupor Mundi","Italian","2009","Italian edition"
"Dominion: Alchemy","66098","8","1","0","1","0","0","0","0","0","0","0","1","","","","","","9911856","6.58094","6.92292","2.4448","0","21413","thing","Dominion: Alchemy","2","4","30","30","30","2010","2,3,4","3","10+","Extensive use of text - massive conversion needed to be playable","","","","","","expansion","","","","","","","","","","","","Rio Grande Games","English","2010","English edition, first printing"
"Dominion: Intrigo","40834","10","3","0","1","0","0","0","0","0","0","0","1","","","","","","9911828","7.49867","7.68528","2.4103","135","51686","thing","Dominion: Intrigue","2","6","30","30","30","2010","2,3,4","3","10+","Moderate in-game text - needs crib sheet or paste ups","","","","","","standalone","","","","","","","","","","","","Stupor Mundi","Italian","2010","Italian first edition"
"Dominion: Seaside","51811","9.5","4","0","1","0","0","0","0","0","0","0","1","","","","","","9911829","7.64662","8.01281","2.4897","0","36016","thing","Dominion: Seaside","2","4","30","30","30","2009","2,3,4","3","10+","Moderate in-game text - needs crib sheet or paste ups","","","","","","expansion","","","","","","","","","","","","Stupor Mundi","Italian","2009","Italian edition"
"Don't wake up Cthulhu!","320135","0","0","0","1","0","0","0","0","0","0","0","1","","Regalato da Max per doppio acquisto","","","","145844242","5.49353","5.61263","1.4","27909","313","thing","Don't wake up Cthulhu!","3","6","30","30","5","2020","4,5,6","6","","","0","","","2193","","standalone","","","","","","","","","","","","","","",""
"Dorfromantik: The Board Game","370591","0","0","0","1","0","0","0","0","0","0","0","3","","","","","","133410499","7.1751","7.58071","1.6339","331","25655","thing","Dorfromantik: The Board Game","1","6","60","60","30","2023","1,2,3","1,2","6+","Some necessary text - easily memorized or small crib sheet","","","","","","standalone","","","","","","","","","","","","Pegasus Spiele","English","2023","English edition"
"Dragonlance: Warriors of Krynn","361552","0","0","0","1","0","0","0","0","0","0","0","1","","","","","","106677391","5.5514","6.35814","3.1667","13279","1532","thing","Dragonlance: Warriors of Krynn","3","5","90","90","60","2023","1,2,3,4,5","2,3,4","12","","","","","","","standalone","","","","","","","","","","","","Wizards of the Coast","English","2023","English edition"
"Dune","283355","0","0","0","1","0","0","0","0","0","0","0","1","","","","","","78052442","7.35169","7.91108","3.9771","213","23040","thing","Dune","2","6","180","180","120","2019","5,6","6","14+","Moderate in-game text - needs crib sheet or paste ups","","","","","","standalone","","","","","","","","","","","","Gale Force Nine, LLC","English","2019","English edition"
"Dune: I segreti della Casa","329713","0","0","0","1","0","0","0","0","0","0","0","3","","","","","","133410336","5.37254","5.01571","1.36","31162","3076","thing","Dune: House Secrets","1","4","180","180","90","2022","1,2,3,4","2","12+","Unplayable in another language","","","","","","standalone","","","","","","","","","Regalo Daniele,marti,iannez,miki","","","Pendragon Game Studio; Portal Games","Italian","2022","Italian edition"
"Dune: Imperium","316554","0","0","0","1","0","0","0","0","0","0","0","3","","","","","","133410330","8.21778","8.40614","3.0791","7","79677","thing","Dune: Imperium","1","4","120","120","60","2021","1,2,3,4","3,4","12+","Moderate in-game text - needs crib sheet or paste ups","","","","","","standalone","","","","","","","","","","","","Dire Wolf","Italian","2021","Italian edition"
"Dungeon Bazar","160608","0","0","0","1","0","0","0","0","0","0","0","3","","With Custom art and Signature","","","","25516320","5.5146","5.76128","2.2857","21579","492","thing","Dungeon Bazar","2","5","50","50","50","2014","3,4,5","3,4","14+","No necessary in-game text","","","","","","standalone","","","","","","","","","","","","Cranio Creations","English; Italian","2014","English/Italian first edition"
"Dungeon Bazar: Merchant Tile","170193","0","0","0","1","0","0","0","0","0","0","0","3","","","","","","78526959","0","5.55556","0","0","40","thing","Dungeon Bazar: Merchant Tile","2","5","50","50","50","2014","","","","","","","","","","expansion","","","","","","","","","","","","Cranio Creations","English","2014","Dungeon Bazar Merchant Tile"
"Dungeon Drop Deluxe","262208","0","0","0","1","0","0","0","0","0","0","0","1","","","","","","84262627","6.03056","6.66966","1.3556","3057","6527","thing","Dungeon Drop","1","4","20","20","10","2020","1,2,3,4","2,3,4","6+","Some necessary text - easily memorized or small crib sheet","","","","","","standalone","","","","","","","","","","","","Phase Shift Games","English","2020","English deluxe edition"
"Dungeon Drop: Gelatinous Cubes Mini-Expansion","315908","0","0","0","1","0","0","0","0","0","0","0","1","","","","","","84262641","5.55033","7.27873","1","0","979","thing","Dungeon Drop: Gelatinous Cubes Mini-Expansion","1","4","20","20","10","2020","2,3,4","3","6+","Moderate in-game text - needs crib sheet or paste ups","","","","","","expansion","","","","","","","","","","","","Phase Shift Games","English","2020","English edition"
"Dungeon Drop: Mysterious Shiny Purple Cubes Mini-Expansion","315948","0","0","0","1","0","0","0","0","0","0","0","1","","","","","","84262644","5.53945","7.07463","1","0","930","thing","Dungeon Drop: Mysterious Shiny Purple Cubes Mini-Expansion","1","4","20","20","10","2020","2,3,4","3","6+","Moderate in-game text - needs crib sheet or paste ups","","","","","","expansion","","","","","","","","","","","","Phase Shift Games","English","2020","English edition"
"Dungeon Fighter","102548","0","1","0","1","0","0","0","0","0","0","0","3","","","","","","19712328","6.41473","6.77726","1.7601","1559","10171","thing","Dungeon Fighter","1","6","60","60","45","2011","2,3,4,5,6","3,4","8+","No necessary in-game text","","","","","","standalone","","49","EUR","","","","Goblin","1","","","","Cranio Creations; Horrible Guild","Italian","2011","Italian edition"
"Dungeoneer: La Fossa dei Demoni","8207","6","0","0","1","0","0","0","0","0","0","0","3","","","","","","10165416","5.77416","6.31058","2.2376","5160","3194","thing","Dungeoneer: Vault of the Fiends","2","4","30","30","30","2003","2,3,4","4","10+","Extensive use of text - massive conversion needed to be playable","3242","","","2193","","standalone","","20","EUR","","","2010-03-14","","","","","","","","",""
"Dungeoneer: La Tomba del Signore dei Lich","5576","6","0","0","1","0","0","0","0","0","0","0","2","","","","","","9812344","5.80211","6.11294","2.1926","4823","5218","thing","Dungeoneer: Tomb of the Lich Lord","2","4","60","60","60","2003","2,3,4","4","10+","Extensive use of text - massive conversion needed to be playable","3242","","","2193","","standalone","","","","","","","","","","","","","","",""
"Dungeons & Dragons: The Yawning Portal","367820","0","0","0","1","0","0","0","0","0","0","0","3","","","","","","106677423","5.78123","7.07852","2.0417","5089","2271","thing","Dungeons & Dragons: The Yawning Portal","1","4","60","60","30","2023","1,2,3,4","2","10+","Moderate in-game text - needs crib sheet or paste ups","","","","","","standalone","","45","EUR","","","2023-05-21","","","","","","Avalon Hill","English","2023","English edition"
"Duplik","22348","0","0","0","1","0","0","0","0","0","0","0","3","","","","","","145844101","6.23172","6.97091","1.2087","2135","4440","thing","Duplik","3","10","45","45","45","2016","3,4,5,6,7,8,9,10","5,6","8+","Extensive use of text - massive conversion needed to be playable","","","","","","standalone","","","","","","","","","","","","Asterion Press","Italian","2016","Italian second edition"
"Dust","29109","0","0","0","1","0","0","0","0","0","0","0","1","","","","","","22927137","5.83057","6.41016","2.6104","4529","2916","thing","Dust","2","6","180","180","60","2007","2,3,4,5,6","4,6","10+","No necessary in-game text","","","","","","standalone","","","","","","","","","","","","Dust Games; Editrice Giochi; Fantasy Flight Games","English","2007","English edition"
"Echoes of Time","441850","0","0","0","1","0","0","0","0","0","0","0","3","","","","","","145844033","6.1107","7.18461","2.4583","2633","2684","thing","Echoes of Time","2","4","60","60","30","2025","2,3,4","2","12+","Moderate in-game text - needs crib sheet or paste ups","","","","","","standalone","","","","","","2026-05-24","","","","","","Cranio Creations","Italian","2025","Italian edition"
"Eclipse: New Dawn for the Galaxy","72125","0","0","0","1","0","0","0","0","0","0","0","1","","","","","","15622194","7.58236","7.81544","3.7057","107","28397","thing","Eclipse: New Dawn for the Galaxy","2","6","180","180","60","2012","2,3,4,5,6","4,6","12+","No necessary in-game text","","","","","","standalone","","","","","","","","","","","","Lautapelit.fi","English","2012","English second edition"
"Einfach Genial: Wer zu viel riskiert, verliert!","36745","0","0","0","1","0","0","0","0","0","0","0","1","","","","","","8896838","5.44617","5.30703","1.1515","30828","1611","thing","Simply Ingenious","2","4","20","20","20","2008","2,3,4","4","6+","No necessary in-game text","","","","","","standalone","","","","","","","","","","","","KOSMOS","German","2008","German first edition 2008"
"Eldritch Horror","146021","8","0","0","1","0","0","0","0","0","0","0","3","","","","","","23754717","7.49005","7.74295","3.3165","140","60917","thing","Eldritch Horror","1","8","240","240","120","2014","1,2,3,4,5","4","14+","Extensive use of text - massive conversion needed to be playable","","","","","","standalone","","","","","","","","","","","","Fantasy Flight Games; Giochi Uniti","Italian","2014","Italian edition"
"Endeavor:  Le Rotte dell'Impero","233398","0","0","0","1","0","0","0","0","0","0","0","1","","","","","","55591213","7.35314","7.83826","2.8508","211","13006","thing","Endeavor: Age of Sail","2","5","90","90","60","2018","2,3,4,5","4","12+","Some necessary text - easily memorized or small crib sheet","","","","","","standalone","","","","","","","","","","","","Cranio Creations","Italian","2018","Italian edition"
"Endless Winter: Paleoamericans","305096","0","0","0","1","0","0","0","0","0","0","0","3","","","","","","111309521","7.15299","7.6112","3.327","349","18406","thing","Endless Winter: Paleoamericans","1","4","120","120","60","2022","1,2,3,4","3","12+","No necessary in-game text","","","","","","standalone","","","","","","","","","","","","Fantasia Games","English","2022","English Kickstarter edition"
"Escape from the Aliens in Outer Space","82168","0","0","0","1","0","0","0","0","0","0","0","3","","","","","","14638256","6.45123","6.90843","1.9758","1461","9678","thing","Escape from the Aliens in Outer Space","2","8","45","45","20","2010","4,5,6,7,8","6","12+","No necessary in-game text","","","","","","standalone","","","","","","","","","","","","Cranio Creations; Santa Ragione","English; Italian","2010","English/Italian edition"
"Escape Room: il gioco","204836","0","0","0","1","0","0","0","0","0","0","0","1","","","","","","60487662","6.37274","6.86132","2.2542","1679","10122","thing","Escape Room: The Game","3","5","60","60","60","2019","1,2,3,4","3","12+","Unplayable in another language","","","","","","standalone","","","","","","","","","","","","Cranio Creations","Italian","2019","Italian edition"
"Escape Room: il gioco – Benvenuti a Funland","216961","0","0","0","1","0","0","0","0","0","0","0","1","","","","","","60487669","5.75138","6.81152","2.5","0","2383","thing","Escape Room: The Game – Welcome to Funland","3","5","60","60","60","2019","2,3,4","3,4","12+","Unplayable in another language","","","","","","expansion","","","","","","","","","","","","Cranio Creations","Italian","2019","Italian edition"
"Escape Room: il gioco – Misteri Mortali","215409","0","0","0","1","0","0","0","0","0","0","0","1","","","","","","60487664","5.68619","6.52362","2","0","2357","thing","Escape Room: The Game – Murder Mystery","3","5","60","60","60","2019","2,3,4","3","14+","Unplayable in another language","","","","","","expansion","","","","","","","","","","","","Cranio Creations","Italian","2019","Italian edition"
"Escape Room: The Game – Puzzle Adventures: Secret of The Scientist","337690","0","0","0","1","0","0","0","0","0","0","0","3","","","","","","133410392","5.77299","7.44282","1.8","5177","979","thing","Escape Room: The Game – Puzzle Adventures: Secret of The Scientist","1","2","150","150","150","2021","1,2","2","12+","Extensive use of text - massive conversion needed to be playable","","","","","","standalone","","","","","","","","","","","","","","",""
"Escape Room: The Game – Puzzle Adventures: The Baron, The Witch & The Thief","352687","0","0","0","1","0","0","0","0","0","0","0","3","","","","","","133410422","5.62735","7.29891","1.6667","8313","556","thing","Escape Room: The Game – Puzzle Adventures: The Baron, The Witch & The Thief","1","2","150","150","150","2021","1,2","1,2","10+","Extensive use of text - massive conversion needed to be playable","","","","","","standalone","","","","","","","","","","","","","","",""
"Everdell","199792","0","0","0","1","0","0","0","0","0","0","0","1","","","","","","107506419","7.79882","7.97367","2.8347","46","108211","thing","Everdell","1","4","80","80","40","2019","1,2,3,4","3","10+","Extensive use of text - massive conversion needed to be playable","","","","","","standalone","","","","","","","","","","","","Starling Games (II)","Italian","2019","Italian edition"
"Everdell: Bellfaire","289057","0","0","0","1","0","0","0","0","0","0","0","1","","","","","","107506426","7.15422","8.01101","2.8125","0","21431","thing","Everdell: Bellfaire","1","6","120","120","40","2021","1,2,3,4","4","12+","Some necessary text - easily memorized or small crib sheet","","","","","","expansion","","","","","","","","","","","","Starling Games (II)","Italian","2021","Italian edition"
"Everdell: Collector's Edition","319422","0","0","0","1","0","0","0","0","0","0","0","1","","","","","","107506433","7.02296","8.48241","2.8615","0","7756","thing","Everdell: Collector's Edition","1","4","80","80","40","2019","1,2,3,4","3","10+","Extensive use of text - massive conversion needed to be playable","","","","","","standalone","","","","","","","","","","","","Starling Games (II)","Italian","2019","Italian edition 2019"
"Everdell: Glimmergold Pack","289405","0","0","0","1","0","0","0","0","0","0","0","1","","","","","","107506448","6.01174","8.10589","2.8","0","2768","thing","Everdell: Glimmergold Pack","1","4","80","80","40","2019","","","8+","","","","","","","expansion","","","","","","","","","","","","Starling Games (II)","English","2019","English first edition"
"Everdell: Mistwood","332397","0","0","0","1","0","0","0","0","0","0","0","1","","","","","","107506436","6.26003","7.98532","2.8947","0","9083","thing","Everdell: Mistwood","1","4","100","100","40","2022","1,2","1","12+","Extensive use of text - massive conversion needed to be playable","","","","","","expansion","","","","","","","","","","","","Starling Games (II)","English","2022","English edition"
"Everdell: Newleaf","332390","0","0","0","1","0","0","0","0","0","0","0","1","","","","","","107506428","6.98733","8.50681","3.0943","0","12254","thing","Everdell: Newleaf","1","4","100","100","40","2022","1,2,3,4","2","12+","Extensive use of text - massive conversion needed to be playable","","","","","","expansion","","","","","","","","","","","","Starling Games (II)","English","2022","English edition"
"Everdell: Pearlbrook","259996","0","0","0","1","0","0","0","0","0","0","0","1","","","","","","107506421","6.85286","7.6028","2.8765","0","17856","thing","Everdell: Pearlbrook","1","4","80","80","40","2019","1,2,3,4","3","12+","Extensive use of text - massive conversion needed to be playable","","","","","","expansion","","","","","","","","","","","","Starling Games (II)","English","2019","English first edition"
"Everdell: Spirecrest","289056","0","0","0","1","0","0","0","0","0","0","0","1","","","","","","107506424","7.21873","8.26306","3.0722","0","16067","thing","Everdell: Spirecrest","1","4","100","100","40","2019","1,2,3,4","2,3","12+","Moderate in-game text - needs crib sheet or paste ups","","","","","","expansion","","","","","","","","","","","","Starling Games (II)","English","2019","English standard edition"
"Everdell: The Complete Collection","332398","0","0","0","1","0","0","0","0","0","0","0","1","","","","","","107506414","7.52203","8.76321","3.1071","0","13893","thing","Everdell: The Complete Collection","1","6","120","120","40","2022","1,2,3,4","3","12+","Extensive use of text - massive conversion needed to be playable","","","","","","standalone","","","","","","","","","","","","Starling Games (II)","English","2022","English edition"
"Fabula","68227","0","0","0","1","0","0","0","0","0","0","0","3","","","","","","12603329","5.5298","5.76268","1.4783","16947","837","thing","Fabula","3","8","30","30","30","2010","3,4,5,6,7,8","6","6+","No necessary in-game text","","","","","","standalone","","25","EUR","","","2011-03-26","","1","","","","Libellud","English; French; German; Italian; Spanish","2010","Libellud multilingual edition"
"Factory Fun","24417","0","0","0","1","0","0","0","0","0","0","0","3","","","","","","19712312","6.27195","6.78843","2.5016","1991","3440","thing","Factory Fun","2","5","45","45","45","2010","1,2,3,4,5","4","10+","No necessary in-game text","","","","","","standalone","","29","EUR","","","","Goblin","1","","","","Z-Man Games","English","2010","Z-Man edition"
"Fallout","232918","0","0","0","1","0","0","0","0","0","0","0","3","","","","","","53077389","6.4953","6.91595","3.0033","1355","20109","thing","Fallout","1","4","180","180","120","2017","1,2,3","1","12+","Extensive use of text - massive conversion needed to be playable","","","","","","standalone","","","","","","","","","","","","Fantasy Flight Games","English","2017","English edition"
"Fiesta de los Muertos","285253","0","0","0","1","0","0","0","0","0","0","0","1","","","","","","95303874","6.13825","6.96295","1.093","2507","3765","thing","Fiesta de los Muertos","4","8","15","15","15","2021","4,5,6,7,8","6,7,8","10+","Moderate in-game text - needs crib sheet or paste ups","","","","","","standalone","","","","","","","","","","","","Playagame Edizioni; OldChap Games","Italian","2021","Italian edition"
"Fishing","419195","0","0","0","1","0","0","0","0","0","0","0","3","","","","","","133410309","6.55607","7.22129","1.8657","1208","7763","thing","Fishing","3","5","60","60","40","2024","3,4,5","4","8+","No necessary in-game text","","","","","","standalone","","","","","","","","","","","","Rio Grande Games","English","2024","English edition"
"Florenza","81640","0","0","0","1","0","0","0","0","0","0","0","1","","","","","","81790252","6.07778","7.35473","3.7379","2802","1840","thing","Florenza","2","5","120","120","90","2014","2,3,4","3","14+","No necessary in-game text","","","","","","standalone","","","","","","","","","","","","Golden Egg Games; HC Distribuzione; Heidelberger Spieleverlag; Placentia Games; Post Scriptum","English; German; Italian","2014","Multilingual second edition"
"Forbidden Island","65244","9","3","2","1","0","0","0","0","0","0","0","3","","","","","","11414288","6.63763","6.74805","1.7401","1044","102331","thing","Forbidden Island","2","4","30","30","30","2010","1,2,3,4","4","8+","Some necessary text - easily memorized or small crib sheet","","","","","","standalone","","15","USD","","","2010-10-19","","1","","","","Gamewright","English","2010","English edition 051210"
"Forest Shuffle","391163","0","0","0","1","0","0","0","0","0","0","0","3","","","","","","133410453","7.46361","7.72953","2.2208","150","41742","thing","Forest Shuffle","2","5","60","60","40","2023","2,3,4","2","10+","Moderate in-game text - needs crib sheet or paste ups","","","","","","standalone","","","","","","","","","","","","Lookout Games","Italian","2023","Italian edition"
"Forest Shuffle: Woodland Edge","424129","0","0","0","1","0","0","0","0","0","0","0","3","","","","","","133410463","6.84845","8.10438","2.0465","0","13702","thing","Forest Shuffle: Woodland Edge","2","5","60","60","60","2024","2,3,4","2","10+","Moderate in-game text - needs crib sheet or paste ups","","","","","","expansion","","","","","","","","","","","","Lookout Games","Italian","2024","Italian edition"
"Forum Trajanum","244049","0","0","0","1","0","0","0","0","0","0","0","1","","","","","","81790571","6.46036","7.19249","3.4429","1439","5726","thing","Forum Trajanum","2","4","120","120","60","2018","2,3,4","3","12+","No necessary in-game text","","","","","","standalone","","","","","","","","","","","","DV Games; HUCH!","Italian","2018","Italian edition"
"Forza 4","2719","7","3","0","1","0","0","0","0","0","0","0","3","","","","","","6985742","5.06008","5.03081","1.1772","31297","16834","thing","Connect Four","2","2","10","10","10","1993","2","2","5+","No necessary in-game text","","","","","","standalone","","","","","","","","","","","","MB Giochi","Italian","1993","MB Giochi Italian edition 1993"
"La Furia di Dracula","181279","0","1","0","1","0","0","0","0","0","0","0","3","","","","","","74377558","7.08401","7.38879","3.2827","411","26506","thing","Fury of Dracula (Third/Fourth Edition)","2","5","180","180","120","2016","2,3,4,5","3,5","12+","Extensive use of text - massive conversion needed to be playable","","","","","","standalone","","","","","","","","","","","","Giochi Uniti","Italian","2016","Italian edition"
"Galileo Project","352823","0","0","0","1","0","0","0","0","0","0","0","3","","","","","","133410483","6.05364","7.29364","2.75","2935","2866","thing","Galileo Project","2","4","80","80","40","2023","2,3,4","3","12+","No necessary in-game text","","","","","","standalone","","","","","","","","","","","","Cranio Creations","Italian","2023","Italian edition"
"A Game of Thrones: The Board Game (Second Edition) – Mother of Dragons","257496","0","0","0","1","0","0","0","0","0","0","0","1","","","","","","81789836","6.73177","8.35939","3.8764","0","8609","thing","A Game of Thrones: The Board Game (Second Edition) – Mother of Dragons","3","8","240","240","120","2018","4,5,6,7,8","6","14+","Moderate in-game text - needs crib sheet or paste ups","","","","","","expansion","","","","","","","","","","","","","","",""
"A Game of Thrones: The Card Game (Second Edition) – Across the Seven Kingdoms","194198","0","0","0","1","0","0","0","0","0","0","0","3","","","","","","81789931","5.57332","7.73804","0","0","952","thing","A Game of Thrones: The Card Game (Second Edition) – Across the Seven Kingdoms","2","4","120","120","60","2016","","","","","","","","","","expansion","","","","","","","","","","","","","","",""
"A Game of Thrones: The Card Game (Second Edition) – All Men Are Fools","218983","0","0","0","1","0","0","0","0","0","0","0","3","","","","","","81789906","5.5579","7.88955","0","0","750","thing","A Game of Thrones: The Card Game (Second Edition) – All Men Are Fools","2","4","120","120","60","2017","","","","","","","","","","expansion","","","","","","","","","","","","","","",""
"A Game of Thrones: The Card Game (Second Edition) – At the Gates","277567","0","0","0","1","0","0","0","0","0","0","0","3","","","","","","81789855","5.538","8.11429","0","0","359","thing","A Game of Thrones: The Card Game (Second Edition) – At the Gates","2","4","120","120","60","2019","","","","","","","","","","expansion","","","","","","","","","","","","","","",""
"A Game of Thrones: The Card Game (Second Edition) – Beneath the Red Keep","278302","0","0","0","1","0","0","0","0","0","0","0","3","","","","","","81789856","5.53563","8.23939","0","0","372","thing","A Game of Thrones: The Card Game (Second Edition) – Beneath the Red Keep","2","4","120","120","60","2019","","","","","","","","","","expansion","","","","","","","","","","","","","","",""
"A Game of Thrones: The Card Game (Second Edition) – Called to Arms","196619","0","0","0","1","0","0","0","0","0","0","0","3","","","","","","81789934","5.57028","7.73034","2.5","0","933","thing","A Game of Thrones: The Card Game (Second Edition) – Called to Arms","2","4","120","120","60","2016","1,2,3,4","2,3,4","16+","Extensive use of text - massive conversion needed to be playable","","","","","","expansion","","","","","","","","","","","","","","",""
"A Game of Thrones: The Card Game (Second Edition) – Calm over Westeros","191236","0","0","0","1","0","0","0","0","0","0","0","3","","","","","","81789937","5.59854","7.78443","0","0","1157","thing","A Game of Thrones: The Card Game (Second Edition) – Calm over Westeros","2","4","0","0","0","2016","","","","","","","","","","expansion","","","","","","","","","","","","","","",""
"A Game of Thrones: The Card Game (Second Edition) – City of Secrets","277578","0","0","0","1","0","0","0","0","0","0","0","3","","","","","","81789860","5.53731","8.06857","0","0","362","thing","A Game of Thrones: The Card Game (Second Edition) – City of Secrets","2","4","120","120","60","2019","","","","","","","","","","expansion","","","","","","","","","","","","","","",""
"A Game of Thrones: The Card Game (Second Edition) – Daggers in the Dark","258651","0","0","0","1","0","0","0","0","0","0","0","3","","","","","","81789873","5.54162","8.17949","0","0","477","thing","A Game of Thrones: The Card Game (Second Edition) – Daggers in the Dark","2","4","120","120","60","2018","","","","","","","","","","expansion","","","","","","","","","","","","","","",""
"A Game of Thrones: The Card Game (Second Edition) – Dragons of the East","294384","0","0","0","1","0","0","0","0","0","0","0","3","","","","","","81789864","5.56023","8.37059","0","0","441","thing","A Game of Thrones: The Card Game (Second Edition) – Dragons of the East","2","4","120","120","60","2019","","","","","","","","","","expansion","","","","","","","","","","","","","","",""
"A Game of Thrones: The Card Game (Second Edition) – Favor of the Old Gods","239939","0","0","0","1","0","0","0","0","0","0","0","3","","","","","","81789877","5.55086","8.06604","0","0","598","thing","A Game of Thrones: The Card Game (Second Edition) – Favor of the Old Gods","2","4","60","60","60","2018","","","","","","","","","","expansion","","","","","","","","","","","","","","",""
"A Game of Thrones: The Card Game (Second Edition) – For Family Honor","200634","0","0","0","1","0","0","0","0","0","0","0","3","","","","","","81789938","5.57018","7.83012","0","0","869","thing","A Game of Thrones: The Card Game (Second Edition) – For Family Honor","2","4","60","60","60","2016","","","","","","","","","","expansion","","","","","","","","","","","","","","",""
"A Game of Thrones: The Card Game (Second Edition) – Fury of the Storm","279766","0","0","0","1","0","0","0","0","0","0","0","3","","","","","","81789867","5.55633","8.13019","0","0","494","thing","A Game of Thrones: The Card Game (Second Edition) – Fury of the Storm","2","4","120","120","60","2019","","","","","","","","","","expansion","","","","","","","","","","","","","","",""
"A Game of Thrones: The Card Game (Second Edition) – Ghosts of Harrenhal","212312","0","0","0","1","0","0","0","0","0","0","0","3","","","","","","81789940","5.5667","7.8","3","0","808","thing","A Game of Thrones: The Card Game (Second Edition) – Ghosts of Harrenhal","0","0","0","0","0","2016","","","","","","","","","","expansion","","","","","","","","","","","","","","",""
"A Game of Thrones: The Card Game (Second Edition) – Guarding the Realm","224754","0","0","0","1","0","0","0","0","0","0","0","3","","","","","","81789909","5.5611","8.00152","0","0","717","thing","A Game of Thrones: The Card Game (Second Edition) – Guarding the Realm","2","4","120","120","60","2017","","","","","","","","","","expansion","","","","","","","","","","","","","","",""
"A Game of Thrones: The Card Game (Second Edition) – House of Thorns","236435","0","0","0","1","0","0","0","0","0","0","0","3","","","","","","81789910","5.58731","8.12","0","0","901","thing","A Game of Thrones: The Card Game (Second Edition) – House of Thorns","2","4","120","120","60","2017","","","","","","","","","","expansion","","","","","","","","","","","","","","",""
"A Game of Thrones: The Card Game (Second Edition) – In Daznak's Pit","258652","0","0","0","1","0","0","0","0","0","0","0","3","","","","","","81789882","5.54261","8.10732","0","0","474","thing","A Game of Thrones: The Card Game (Second Edition) – In Daznak's Pit","2","4","120","120","60","2018","","","","","","","","","","expansion","","","","","","","","","","","","","","",""
"A Game of Thrones: The Card Game (Second Edition) – Journey to Oldtown","235543","0","0","0","1","0","0","0","0","0","0","0","3","","","","","","81789912","5.55017","8.01731","0","0","625","thing","A Game of Thrones: The Card Game (Second Edition) – Journey to Oldtown","2","4","120","120","60","2017","","","","","","","","","","expansion","","","","","","","","","","","","","","",""
"A Game of Thrones: The Card Game (Second Edition) – Kings of the Isles","262638","0","0","0","1","0","0","0","0","0","0","0","3","","","","","","81789886","5.56804","8.18594","4","0","583","thing","A Game of Thrones: The Card Game (Second Edition) – Kings of the Isles","2","4","120","120","60","2018","2,3,4","2,4","14+","","","","","","","expansion","","","","","","","","","","","","","","",""
"A Game of Thrones: The Card Game (Second Edition) – Kingsmoot","237731","0","0","0","1","0","0","0","0","0","0","0","3","","","","","","81789889","5.5573","8.11936","0","0","612","thing","A Game of Thrones: The Card Game (Second Edition) – Kingsmoot","2","4","120","120","60","2018","","","","","","","","","","expansion","","","","","","","","","","","","","","",""
"A Game of Thrones: The Card Game (Second Edition) – Lions of Casterly Rock","201277","0","0","0","1","0","0","0","0","0","0","0","3","","","","","","81789941","5.62501","8.00837","3.5","0","1364","thing","A Game of Thrones: The Card Game (Second Edition) – Lions of Casterly Rock","2","4","120","120","60","2016","","","","","","","","","","expansion","","","","","","","","","","","","","","",""
"A Game of Thrones: The Card Game (Second Edition) – Long May He Reign","282256","0","0","0","1","0","0","0","0","0","0","0","3","","","","","","81789868","5.53501","8.0303","0","0","351","thing","A Game of Thrones: The Card Game (Second Edition) – Long May He Reign","2","4","120","120","60","2019","","","","","","","","","","expansion","","","","","","","","","","","","","","",""
"A Game of Thrones: The Card Game (Second Edition) – Music of Dragons","258730","0","0","0","1","0","0","0","0","0","0","0","3","","","","","","81789891","5.54432","8.14048","0","0","474","thing","A Game of Thrones: The Card Game (Second Edition) – Music of Dragons","2","6","120","120","60","2018","","","","","","","","","","expansion","","","","","","","","","","","","","","",""
"A Game of Thrones: The Card Game (Second Edition) – No Middle Ground","185060","0","0","0","1","0","0","0","0","0","0","0","3","","","","","","81789944","5.60464","7.80244","3","0","1222","thing","A Game of Thrones: The Card Game (Second Edition) – No Middle Ground","2","4","120","120","60","2016","","","","","","","","","","expansion","","","","","","","","","","","","","","",""
"A Game of Thrones: The Card Game (Second Edition) – Oberyn's Revenge","227881","0","0","0","1","0","0","0","0","0","0","0","3","","","","","","81789915","5.55922","8.12951","0","0","668","thing","A Game of Thrones: The Card Game (Second Edition) – Oberyn's Revenge","0","0","0","0","0","2017","","","","","","","","","","expansion","","","","","","","","","","","","","","",""
"A Game of Thrones: The Card Game (Second Edition) – Pit of Snakes","277419","0","0","0","1","0","0","0","0","0","0","0","3","","","","","","81789870","5.53624","8.07059","0","0","384","thing","A Game of Thrones: The Card Game (Second Edition) – Pit of Snakes","1","2","120","120","60","2019","","","","","","","","","","expansion","","","","","","","","","","","","","","",""
"A Game of Thrones: The Card Game (Second Edition) – Sands of Dorne","245349","0","0","0","1","0","0","0","0","0","0","0","3","","","","","","81789894","5.58994","8.18864","0","0","816","thing","A Game of Thrones: The Card Game (Second Edition) – Sands of Dorne","2","4","120","120","60","2018","","","","Extensive use of text - massive conversion needed to be playable","","","","","","expansion","","","","","","","","","","","","","","",""
"A Game of Thrones: The Card Game (Second Edition) – Someone Always Tells","247709","0","0","0","1","0","0","0","0","0","0","0","3","","","","","","81789895","5.54869","7.958","0","0","584","thing","A Game of Thrones: The Card Game (Second Edition) – Someone Always Tells","2","4","120","120","60","2018","","","","","","","","","","expansion","","","","","","","","","","","","","","",""
"A Game of Thrones: The Card Game (Second Edition) – Streets of King's Landing","258136","0","0","0","1","0","0","0","0","0","0","0","3","","","","","","81789900","5.54453","8.15238","0","0","482","thing","A Game of Thrones: The Card Game (Second Edition) – Streets of King's Landing","2","6","120","120","60","2018","","","","","","","","","","expansion","","","","","","","","","","","","","","",""
"A Game of Thrones: The Card Game (Second Edition) – Taking the Black","179601","0","0","0","1","0","0","0","0","0","0","0","3","","","","","","81789954","5.62894","7.6069","3.5","0","1500","thing","A Game of Thrones: The Card Game (Second Edition) – Taking the Black","2","4","120","120","60","2015","2,3,4","4","","","","","","","","expansion","","","","","","","","","","","","","","",""
"A Game of Thrones: The Card Game (Second Edition) – The Archmaester's Key","236467","0","0","0","1","0","0","0","0","0","0","0","3","","","","","","81789916","5.55358","8.04464","0","0","615","thing","A Game of Thrones: The Card Game (Second Edition) – The Archmaester's Key","2","4","120","120","60","2017","","","","","","","","","","expansion","","","","","","","","","","","","","","",""
"A Game of Thrones: The Card Game (Second Edition) – The Blackwater","282711","0","0","0","1","0","0","0","0","0","0","0","3","","","","","","81789872","5.53309","8.14062","0","0","365","thing","A Game of Thrones: The Card Game (Second Edition) – The Blackwater","2","4","120","120","60","2019","","","","","","","","","","expansion","","","","","","","","","","","","","","",""
"A Game of Thrones: The Card Game (Second Edition) – The Brotherhood Without Banners","228665","0","0","0","1","0","0","0","0","0","0","0","3","","","","","","81789918","5.55794","8.03167","3","0","668","thing","A Game of Thrones: The Card Game (Second Edition) – The Brotherhood Without Banners","0","0","0","0","0","2017","","","","","","","","","","expansion","","","","","","","","","","","","","","",""
"A Game of Thrones: The Card Game (Second Edition) – The Faith Militant","245336","0","0","0","1","0","0","0","0","0","0","0","3","","","","","","81789901","5.5523","8.08148","0","0","583","thing","A Game of Thrones: The Card Game (Second Edition) – The Faith Militant","2","4","120","120","60","2018","","","","","","","","","","expansion","","","","","","","","","","","","","","",""
"A Game of Thrones: The Card Game (Second Edition) – The Fall of Astapor","226880","0","0","0","1","0","0","0","0","0","0","0","3","","","","","","81789919","5.558","8.02623","0","0","692","thing","A Game of Thrones: The Card Game (Second Edition) – The Fall of Astapor","0","0","0","0","0","2017","","","","","","","","","","expansion","","","","","","","","","","","","","","",""
"A Game of Thrones: The Card Game (Second Edition) – The King's Peace","182995","0","0","0","1","0","0","0","0","0","0","0","3","","","","","","81789946","5.60347","7.79921","3","0","1239","thing","A Game of Thrones: The Card Game (Second Edition) – The King's Peace","2","4","120","120","60","2016","","","","","","","","","","expansion","","","","","","","","","","","","","","",""
"A Game of Thrones: The Card Game (Second Edition) – The March on Winterfell","253380","0","0","0","1","0","0","0","0","0","0","0","3","","","","","","81789902","5.54643","8.13409","0","0","491","thing","A Game of Thrones: The Card Game (Second Edition) – The March on Winterfell","2","4","120","120","60","2018","","","","","","","","","","expansion","","","","","","","","","","","","","","",""
"A Game of Thrones: The Card Game (Second Edition) – The Red Wedding","225567","0","0","0","1","0","0","0","0","0","0","0","3","","","","","","81789923","5.55668","7.99194","0","0","695","thing","A Game of Thrones: The Card Game (Second Edition) – The Red Wedding","2","4","120","120","60","2017","","","","","","","","","","expansion","","","","","","","","","","","","","","",""
"A Game of Thrones: The Card Game (Second Edition) – The Road to Winterfell","181458","0","0","0","1","0","0","0","0","0","0","0","3","","","","","","81789957","5.62015","7.82098","3.5","0","1376","thing","A Game of Thrones: The Card Game (Second Edition) – The Road to Winterfell","2","4","0","0","0","2015","2,3,4","4","","","","","","","","expansion","","","","","","","","","","","","","","",""
"A Game of Thrones: The Card Game (Second Edition) – The Shadow City","247710","0","0","0","1","0","0","0","0","0","0","0","3","","","","","","81789904","5.54309","8.19767","0","0","521","thing","A Game of Thrones: The Card Game (Second Edition) – The Shadow City","2","4","120","120","60","2018","","","","","","","","","","expansion","","","","","","","","","","","","","","",""
"A Game of Thrones: The Card Game (Second Edition) – The Things We Do for Love","294341","0","0","0","1","0","0","0","0","0","0","0","3","","","","","","81789853","5.52933","7.6","0","0","338","thing","A Game of Thrones: The Card Game (Second Edition) – The Things We Do for Love","1","4","120","120","60","2020","","","","","","","","","","expansion","","","","","","","","","","","","","","",""
"A Game of Thrones: The Card Game (Second Edition) – There is My Claim","204029","0","0","0","1","0","0","0","0","0","0","0","3","","","","","","81789947","5.57076","7.88795","0","0","861","thing","A Game of Thrones: The Card Game (Second Edition) – There is My Claim","2","4","120","120","60","2016","2","2","","","","","","","","expansion","","","","","","","","","","","","","","",""
"A Game of Thrones: The Card Game (Second Edition) – True Steel","193060","0","0","0","1","0","0","0","0","0","0","0","3","","","","","","81789948","5.59307","7.86204","0","0","1116","thing","A Game of Thrones: The Card Game (Second Edition) – True Steel","2","4","120","120","60","2016","","","","","","","","","","expansion","","","","","","","","","","","","","","",""
"A Game of Thrones: The Card Game (Second Edition) – Tyrion's Chain","218174","0","0","0","1","0","0","0","0","0","0","0","3","","","","","","81789924","5.56346","7.88158","0","0","789","thing","A Game of Thrones: The Card Game (Second Edition) – Tyrion's Chain","2","4","120","120","60","2017","","","","","","","","","","expansion","","","","","","","","","","","","","","",""
"A Game of Thrones: The Card Game (Second Edition) – Watchers on the Wall","217960","0","0","0","1","0","0","0","0","0","0","0","3","","","","","","81789927","5.59228","8.08788","0","0","1115","thing","A Game of Thrones: The Card Game (Second Edition) – Watchers on the Wall","2","4","120","120","60","2017","","","","","","","","","","expansion","","","","","","","","","","","","","","",""
"A Game of Thrones: The Card Game (Second Edition) – Wolves of the North","189169","0","0","0","1","0","0","0","0","0","0","0","3","","","","","","81789951","5.66138","7.91058","3.5","0","1542","thing","A Game of Thrones: The Card Game (Second Edition) – Wolves of the North","2","4","120","120","60","2016","","","","","","","","","","expansion","","","","","","","","","","","","","","",""
"The Game: Spiel...so lange du kannst!","173090","0","0","0","1","0","0","0","0","0","0","0","3","","","","","","50865535","6.49958","6.71126","1.2396","1348","26123","thing","The Game","1","5","20","20","20","2015","1,2,3,4,5","3","8+","No necessary in-game text","","","","","","standalone","","","","","","","","","","","","Game Factory","French; German; Italian","2015","Swiss first edition"
"Gizmos","246192","0","0","0","1","0","0","0","0","0","0","0","3","","","","","","104553679","7.07386","7.35804","2.0651","419","19227","thing","Gizmos","2","4","50","50","40","2018","2,3,4","3","8+","No necessary in-game text","","","","","","standalone","","","","","","","","","","","","asmodee","Italian","2018","Italian edition"
"Goblins","56246","0","0","0","1","0","0","0","0","0","0","0","3","","","","","","11202963","5.47167","5.13252","1.5714","30169","293","thing","Goblins","2","6","50","50","50","2009","3,4","3","10+","Moderate in-game text - needs crib sheet or paste ups","","","","2193","","standalone","","22","EUR","","","2010-09-17","GA","","","","","","","",""
"The Great Dalmuti","929","0","0","0","1","0","0","0","0","0","0","0","3","","","","","","9699869","6.30745","6.60035","1.2828","1879","16126","thing","The Great Dalmuti","4","8","60","60","60","1994","5,6,7,8","6,7","8+","No necessary in-game text","","","","","","standalone","","","","","","","","","","","","Wizards of the Coast","English","1994","English first edition"
"The Great Split","366752","8","0","0","1","0","0","0","0","0","0","0","3","","","","","","133410360","6.25914","6.96945","2.0635","2034","3775","thing","The Great Split","2","7","45","45","45","2023","3,4,5,6,7","4,5","8+","No necessary in-game text","","","","","","standalone","","","","","","","","","","","","Ghenos Games; Horrible Guild","Italian","2023","Italian edition"
"Great Western Trail: Argentinien","364011","0","0","0","1","0","0","0","0","0","0","0","3","","","","","","111439920","7.36439","8.19107","3.9035","199","9956","thing","Great Western Trail: Argentina","1","4","150","150","75","2022","1,2,3,4","3","12+","No necessary in-game text","","","","","","standalone","","","","","","","","","","","","eggertspiele","German","2022","German edition"
"Il Guanto dell'Infinito: Un Gioco Love Letter","304285","0","0","0","1","0","0","0","0","0","0","0","1","","","","","","76331034","6.35594","6.90897","1.24","1712","10519","thing","Infinity Gauntlet: A Love Letter Game","2","6","15","15","15","2020","3,4,5,6","4,5","8+","Moderate in-game text - needs crib sheet or paste ups","","","","","","standalone","","","","","","","","","","","","Z-Man Games","Italian","2020","Italian edition"
"Hamunaptra: Aventures dans la Grande Pyramide","65581","0","0","0","1","0","0","0","0","0","0","0","3","","","","","","25516300","5.4897","5.37734","2.2","28571","268","thing","Hamunaptra: Aventures dans la Grande Pyramide","2","8","60","60","60","2010","5,6,7,8","2","8","Some necessary text - easily memorized or small crib sheet","","","","","","standalone","","","","","","","","","","","","Edge Entertainment","French","2010","French edition"
"Hansa Teutonica","43015","0","0","0","1","0","0","0","0","0","0","0","1","","","","","","111309145","7.47236","7.7535","3.0882","147","14416","thing","Hansa Teutonica","2","5","90","90","45","2014","3,4,5","5","12+","No necessary in-game text","","","","","","standalone","","","","","","","","","","","","Argentum Verlag","German","2014","German third edition"
"Hansa Teutonica: Britannia","162179","0","0","0","1","0","0","0","0","0","0","0","3","","","","","","111309793","6.1097","8.05278","3.4722","0","2769","thing","Hansa Teutonica: Britannia","2","5","90","90","45","2014","3,4,5","4,5","12+","No necessary in-game text","","","","","","expansion","","","","","","","","","","","","Argentum Verlag","English; French; German","2014","English/French/German edition"
"Hansa Teutonica: East Expansion","83404","0","0","0","1","0","0","0","0","0","0","0","3","","","","","","111309794","6.25402","8.06898","3.1618","0","3360","thing","Hansa Teutonica: East Expansion","3","5","75","75","45","2010","3,4,5","4","12+","No necessary in-game text","","","","","","expansion","","","","","","","","","","","","Argentum Verlag; Z-Man Games","English; German","2010","English/German first edition"
"Heat","366013","0","0","0","1","0","0","0","0","0","0","0","3","","","","","","107506399","7.79514","7.99156","2.2012","47","64827","thing","Heat: Pedal to the Metal","1","6","60","60","30","2023","1,2,3,4,5,6","5,6","8+","No necessary in-game text","","","","","","standalone","","","","","","","","","","","","Days of Wonder","Italian","2023","Italian edition"
"Die heisse Schlacht am kalten Buffet","3383","5.5","0","0","1","0","0","0","0","0","0","0","3","","","","","","6985794","5.76488","6.367","1.2143","5294","1893","thing","Mahé","2","7","20","20","20","1990","3,4,5,6,7","5,6,7","6+","No necessary in-game text","","","","","","standalone","","","","","","","","","","","","Otto Maier Verlag","German","1990","German first edition"
"Hens","348447","0","0","0","1","0","0","0","0","0","0","0","3","","","","","","133410237","5.99421","6.84485","1.8413","3249","2729","thing","Hens","1","4","20","20","15","2022","1,2,3,4","3,4","8+","No necessary in-game text","","","","","","standalone","","","","","","","","","","","","Little Rocket Games","English; Italian","2022","English/Italian edition"
"Hens: Italian Breeds","443826","0","0","0","1","0","0","0","0","0","0","0","3","","","","","","133410243","0","6.45","0","0","107","thing","Hens: Italian Breeds","1","4","30","30","20","2025","2,3,4","3,4","","","","","","","","expansion","","","","","","","","","","","","Little Rocket Games","English; Italian","2025","English/Italian edition"
"Hens: Promo cards","377905","0","0","0","1","0","0","0","0","0","0","0","3","","","","","","133410241","0","6.88462","0","0","187","thing","Hens: Promo cards","1","4","20","20","15","2023","","","","No necessary in-game text","","","","","","expansion","","","","","","","","","","","","funbot","English","0","English edition"
"HeroQuest","699","7","0","0","1","0","0","0","0","0","0","0","3","","","","","","6985131","6.83938","7.23014","2.1299","712","29026","thing","HeroQuest","2","5","90","90","90","1989","2,3,4,5","5","8+","Extensive use of text - massive conversion needed to be playable","","","","","","standalone","","","","","","","","","","","","MB Giochi","Italian","1989","Italian edition 1989"
"Heroquest - La rocca di Kellar","1762","7","0","0","1","0","0","0","0","0","0","0","3","","","","","","6985138","6.2056","7.30472","2.1238","0","7614","thing","HeroQuest: Kellar's Keep","2","5","120","120","120","1989","2,3,4,5","5","8–16","Extensive use of text - massive conversion needed to be playable","","","","2193","","expansion","","","","","","","","","","","","MB Giochi","Italian","0","MB Giochi Italian edition"
"Heroquest: L'orda degli Ogre","1765","7","0","0","1","0","0","0","0","0","0","0","3","","","","","","6985136","5.83181","7.46477","2.4828","0","1620","thing","HeroQuest: Against the Ogre Horde","2","5","120","120","120","1993","3,4,5","5","","","","","","2193","","expansion","","","","","","","","","","","","Milton Bradley","Italian","1993","Italian edition"
"Hippocrates","327971","0","0","0","1","0","0","0","0","0","0","0","3","","","","","","133410399","5.91905","6.77815","2.9828","3755","3346","thing","Hippocrates","1","4","120","120","90","2021","1,2,3,4","4","12+","No necessary in-game text","","","","","","standalone","","","","","","","","","","","","Giochix.it","Italian","2021","Italian edition"
"Horse Fever","58110","0","0","0","1","0","0","0","0","0","0","0","1","","","","","","41697195","6.05464","6.93209","2.3654","2930","2265","thing","Horse Fever","2","6","90","90","90","2009","2,3,4,5,6","4","10+","No necessary in-game text","","","","","","standalone","","","","","","","","","","","","Cranio Creations","English; French; German; Italian","2009","Multilingual first edition"
"Indian Summer","233678","0","0","0","1","0","0","0","0","0","0","0","1","","","","","","60487511","6.28299","6.75527","2.1379","1962","7155","thing","Indian Summer","1","4","60","60","15","2018","1,2,3,4","3","8+","No necessary in-game text","","","","","","standalone","","","","","","","","","","","","Cranio Creations","Italian","2018","Italian edition"
"Infinite City","46807","0","0","0","1","0","0","0","0","0","0","0","3","","","","","","10953064","5.76755","6.16354","1.8917","5252","1901","thing","Infinite City","2","6","45","45","45","2009","2,3,4,5","3","8+","Moderate in-game text - needs crib sheet or paste ups","","","","","","standalone","","","","","","","","","","","","Alderac Entertainment Group","English","2009","English edition"
"Inis","155821","0","0","0","1","0","0","0","0","0","0","0","1","","","","","","111309122","7.5331","7.81644","2.9471","125","30057","thing","Inis","2","4","90","90","60","2019","2,3,4","4","12+","Extensive use of text - massive conversion needed to be playable","","","","","","standalone","","","","","","","","","","","","Matagot","English","2019","English second edition"
"Inkognito (2013)","466","0","0","0","1","0","0","0","0","0","0","0","3","","","","","","6985711","6.14143","6.6024","2.1624","2491","7355","thing","Inkognito","3","5","90","90","90","2013","4","4","10+","Some necessary text - easily memorized or small crib sheet","","","","","","standalone","","","","","","","","","","","","Ares Games","English","2013","Ares Games English edition 2013"
"L'Isola del Tesoro","242639","0","0","0","1","0","0","0","0","0","0","0","3","","","","","","117739569","6.74642","7.19915","2.2014","846","12933","thing","Treasure Island","2","5","45","45","45","2019","3,4,5","4","10+","Moderate in-game text - needs crib sheet or paste ups","","","","","","standalone","","","","","","","","","","","","Mancalamaro; Matagot","Italian","2019","Italian edition"
"It's a Wonderful World","271324","0","0","0","1","0","0","0","0","0","0","0","1","","","","","","81790139","7.38263","7.62116","2.3218","188","30606","thing","It's a Wonderful World","1","5","45","45","45","2021","1,2,3,4,5","4","10+","No necessary in-game text","","","","","","standalone","","","","","","","","","","","","La Boîte de Jeu; Origames","English","2021","English edition 2021"
"It's a Wonderful World: Corruption & Ascension","298851","0","0","0","1","0","0","0","0","0","0","0","1","","","","","","76331010","6.70528","8.11837","2.5909","0","9592","thing","It's a Wonderful World: Corruption & Ascension","1","7","45","45","45","2020","1,2,3,4,5,6,7","3,4,5","12+","No necessary in-game text","","","","","","expansion","","","","","","","","","","","","La Boîte de Jeu; Origames","English","2020","English kickstarter edition"
"It's a Wonderful World: Heritage Edition","295260","0","0","0","1","0","0","0","0","0","0","0","1","","","","","","76331008","6.33664","8.36581","2.325","0","2377","thing","It's a Wonderful World: Heritage Edition","1","5","60","60","30","2019","1,2,3,4,5","1","10+","No necessary in-game text","","","","","","standalone","","","","","","","","","","","","La Boîte de Jeu; Origames","English","2019","English edition"
"Just One","254640","0","0","0","1","0","0","0","0","0","0","0","1","","","","","","67316006","7.43575","7.58829","1.0326","159","61946","thing","Just One","3","7","60","60","20","2018","4,5,6,7","6,7","8+","Unplayable in another language","","","","","","standalone","","","","","","","","","","","","Repos Production","Italian","2018","Italian edition"
"Kanji Battle","28718","0","0","0","1","0","0","0","0","0","0","0","1","","","","","","10642448","5.41109","4.39973","1.4211","31061","635","thing","Kanji Battle","2","6","60","60","60","2007","","","10+","Some necessary text - easily memorized or small crib sheet","","","","","","standalone","","","","","","","","","","","","Edge Entertainment","Spanish","2007","First edition"
"Keltis","34585","7","1","2","1","0","0","0","0","0","0","0","3","","","","","","6985156","6.17374","6.43126","1.6368","2354","9554","thing","Keltis","2","4","30","30","30","2008","2,3,4","3","8+","No necessary in-game text","","","","","","standalone","","25","EUR","","","2009-01-09","","1","","","","KOSMOS","German","2008","German first edition"
"Kemet","127023","0","0","0","1","0","0","0","0","0","0","0","1","","","","","","111309158","7.35772","7.62059","3.0067","205","21317","thing","Kemet","2","5","120","120","90","2013","3,4,5","4,5","12+","No necessary in-game text","","","","","","standalone","","","","","","","","","","","","Asterion Press","Italian","2013","Italian edition"
"Kemet: Sangue e Sabbia","297562","0","0","0","1","0","0","0","0","0","0","0","1","","","","","","111309309","7.1923","7.89478","3.2","313","11724","thing","Kemet: Blood and Sand","2","5","180","180","90","2021","3,4,5","4","10+","No necessary in-game text","","","","","","standalone","","","","","","","","","","","","Matagot; Pendragon Game Studio","Italian","2021","Italian edition"
"KeyForge: Il Richiamo degli Arconti – Starter Set","257501","0","0","0","1","0","0","0","0","0","0","0","3","","","","","","56052967","6.71997","7.05984","2.4872","886","17288","thing","KeyForge: Call of the Archons","2","2","45","45","15","2018","2","2","10+","Extensive use of text - massive conversion needed to be playable","","","","","","standalone","","10","EUR","","","2018-11-23","Goblin Bologna","3","","","","asmodee","Italian","2018","Italian edition"
"The King Is Dead: Second Edition","319966","0","0","0","1","0","0","0","0","0","0","0","1","","","","","","95303867","7.12037","7.58449","2.1641","374","13378","thing","The King Is Dead: Second Edition","2","4","45","45","30","2020","2,3,4","3","12+","No necessary in-game text","","","","","","standalone","","","","","","","","","","","","","","",""
"King of Con","247488","0","0","0","1","0","0","0","0","0","0","0","1","","","","","","55715080","5.50901","6.23289","2","23534","92","thing","King of Con","2","5","60","60","60","2018","3,4","4","10+","No necessary in-game text","","","","","","standalone","","","","","","","","","","","","Lega Nerd; Sir Chester Cobblepot","English; Italian","2018","English/Italian edition"
"King Up!","7806","0","0","0","1","0","0","0","0","0","0","0","3","","","","","","60487816","5.95044","6.43663","1.2105","3530","2679","thing","Vive le Roi!","2","8","30","30","30","2010","3,4,5,6","5","8+","No necessary in-game text","","","","","","standalone","","","","","","","","","","","","DV Games","English; French; German; Italian","2010","dV Giochi multilingual edition 2010"
"The King's Dilemma","245655","0","0","0","1","0","0","0","0","0","0","0","1","","","","","","95303859","7.09169","7.66701","2.264","404","13570","thing","The King's Dilemma","3","5","60","60","45","2019","4,5","5","16+","Extensive use of text - massive conversion needed to be playable","","","","","","standalone","","","","","","","","","","","","Horrible Guild","Italian","2019","Italian edition"
"KIWI","240823","0","0","0","1","0","0","0","0","0","0","0","3","","","","","","133411491","0","7.17857","1.5","0","38","thing","KIWI","2","6","20","20","15","2017","3,4,5","3,4,5","","","","","","","","standalone","","","","","","","","","","","","","","",""
"Kronologic: Paris 1920","402111","0","0","0","1","0","0","0","0","0","0","0","3","","","","","","137394923","6.42918","7.46877","2.0545","1522","5503","thing","Kronologic: Paris 1920","1","4","30","30","30","2024","1,2,3,4","3","12+","No necessary in-game text","","","","","","standalone","","","","","","","","","","","","Ghenos Games","Italian","2024","Italian edition"
"Krosmaster: Arena","112138","0","0","0","1","0","0","0","0","0","0","0","3","","ludoteca CM","","","","21937469","6.17044","6.68692","2.6757","2367","7962","thing","Krosmaster: Arena","2","4","60","60","45","2013","2,4","2","10+","Moderate in-game text - needs crib sheet or paste ups","","","","","","standalone","","","","","","","","","","","","Ankama; Ghenos Games","Italian","2013","Italian edition"
"Krosmaster: Arena – Duel Pack 1","151456","0","0","0","1","0","0","0","0","0","0","0","3","","","","","","22381722","5.58331","7.12455","2","10522","820","thing","Krosmaster: Arena – Duel Pack 1","2","2","10","10","10","2013","2","2","8+","Extensive use of text - massive conversion needed to be playable","","","","","","standalone","","15","EUR","","","2014-02-16","","","","","","Ankama","French","2013","French edition"
"Krosmaster: Arena – Frigost","145040","0","0","0","1","0","0","0","0","0","0","0","3","","","","","","21937491","5.67593","7.12974","2.9091","0","1840","thing","Krosmaster: Arena – Frigost","2","4","60","60","60","2014","2,4","2","12+","Some necessary text - easily memorized or small crib sheet","","","","","","expansion","","","","","","","","","","","","Japanime Games","English","2014","English edition"
"Krosmaster: Arena – Multiman","151544","0","0","0","1","0","0","0","0","0","0","0","3","","","","","","22381677","5.55032","6.88673","2","0","716","thing","Krosmaster: Arena – Multiman","2","4","60","60","60","2014","","","","","","","","","","expansion","","35","EUR","","","","","","","","","Japanime Games","English","2014","English edition"
"L'Assedio di Runedar","333539","0","0","0","1","0","0","0","0","0","0","0","3","","","","","","133410442","6.08325","6.99647","2.38","2770","3237","thing","The Siege of Runedar","1","4","90","90","60","2022","1,2,3,4","2,3","8+","No necessary in-game text","","","","","","standalone","","","","","","","","","","","","Ghenos Games; Ludonova","Italian","2022","Italian edition"
"Las Vegas Royale","271319","0","0","0","1","0","0","0","0","0","0","0","3","","","","","","84262708","6.68846","7.45502","1.4512","941","7368","thing","Las Vegas Royale","2","5","60","60","45","2019","3,4,5","4,5","8+","No necessary in-game text","","","","","","standalone","","","","","","","","","","","","Ravensburger AG","Italian; Portuguese; Spanish","2019","Italian/Spanish/Portuguese edition"
"Last Night on Earth: The Zombie Game","29368","8","0","0","1","0","0","0","0","0","0","0","3","","","","","","13784800","6.60555","6.89669","2.299","1101","19837","thing","Last Night on Earth: The Zombie Game","2","6","90","90","60","2007","2,3,4,5,6","5","12+","Extensive use of text - massive conversion needed to be playable","","","","","","standalone","","45","USD","","","2011-09-11","Wizard's Chest Denver, CO","1","","","","Flying Frog Productions","English","2007","English edition"
"La Leggenda dei Cinque Anelli: Il Gioco di Carte","184151","0","0","0","1","0","0","0","0","0","0","0","3","","","","","","81789970","6.43581","7.3401","4.0142","1504","7531","thing","Legend of the Five Rings: The Card Game","2","2","90","90","45","2017","2","2","12+","Extensive use of text - massive conversion needed to be playable","","","","","","standalone","","","","","","","","","","","","asmodee; Fantasy Flight Games","Italian","2017","Italian edition"
"Let's Go! To Japan","368173","0","0","0","1","0","0","0","0","0","0","0","3","","","","","","133410410","7.0711","7.56133","2.2596","423","14409","thing","Let's Go! To Japan","1","4","60","60","45","2024","1,2,3,4","3","10+","Some necessary text - easily memorized or small crib sheet","","","","","","standalone","","","","","","","","","","","","","","",""
"Lewis & Clark: Cédrick Chaboussit","164554","0","0","0","1","0","0","0","0","0","0","0","3","","","","","","84262666","5.56056","7.03594","3","0","739","thing","Lewis & Clark: Cédrick Chaboussit","1","5","120","120","120","2014","","","","No necessary in-game text","","","","","","expansion","","","","","","","","","","","","Ludonaute","(neutral)","2014","First edition"
"Lewis & Clark: The Expedition","140620","0","0","0","1","0","0","0","0","0","0","0","1","","","","","","111309224","7.16534","7.42869","3.3179","337","20666","thing","Lewis & Clark: The Expedition","1","5","120","120","120","2020","1,2,3,4","3","12+","No necessary in-game text","","","","","","standalone","","","","","","","","","","","","GateOnGames; Ludonaute","Italian","2020","Italian second edition"
"Little Soldiers","404356","0","0","0","1","0","0","0","0","0","0","0","3","","","","","","145844018","5.59274","6.66566","1.7","9955","817","thing","Little Soldiers","2","6","120","120","30","2025","2,4","2","8+","Moderate in-game text - needs crib sheet or paste ups","","","","","","standalone","","28","EUR","","","2026-05-22","","","","","2026-05-25","","","",""
"London (Second Edition)","236191","0","0","0","1","0","0","0","0","0","0","0","1","","","","","","111309362","7.00108","7.47279","2.721","511","11439","thing","London (Second Edition)","2","4","90","90","60","2017","2,3,4","3","12+","Moderate in-game text - needs crib sheet or paste ups","","","","","","standalone","","","","","","","","","","","","Osprey Games","English","2017","English edition"
"The Lord of the Rings: Journeys in Middle-Earth – Hunt for the Ember Crown","295353","0","0","0","1","0","0","0","0","0","0","0","3","","","","","","66424398","6.05596","8.39507","2.4167","0","2613","thing","The Lord of the Rings: Journeys in Middle-Earth – Hunt for the Ember Crown","1","5","120","120","60","2019","1,2,3,4,5","2","10+","","","","","","","expansion","","","","","","","","","","","","","","",""
"The Lord of the Rings: Journeys in Middle-Earth – Poison Promise","367926","0","0","0","1","0","0","0","0","0","0","0","3","","","","","","111440597","5.67549","8.58041","0","0","921","thing","The Lord of the Rings: Journeys in Middle-Earth – Poison Promise","1","5","120","120","60","2022","1,2,3,4","2,3","","","","","","","","expansion","","","","","","","","","","","","","","",""
"The Lord of the Rings: Journeys in Middle-Earth – Scourges of the Wastes Figure Pack","367925","0","0","0","1","0","0","0","0","0","0","0","3","","","","","","111440593","5.90356","8.38263","2.8571","0","4639","thing","The Lord of the Rings: Journeys in Middle-Earth – Scourges of the Wastes Figure Pack","1","5","120","120","60","2022","1,2,3,4","2,3","10+","Extensive use of text - massive conversion needed to be playable","","","","","","expansion","","","","","","","","","","","","","","",""
"The Lord of the Rings: Journeys in Middle-Earth – Spreading War Expansion","342189","0","0","0","1","0","0","0","0","0","0","0","3","","","","","","111440589","6.37934","8.65971","2.75","0","7893","thing","The Lord of the Rings: Journeys in Middle-Earth – Spreading War Expansion","1","5","120","120","60","2021","1,2,3,4","2,3","12+","Extensive use of text - massive conversion needed to be playable","","","","","","expansion","","","","","","","","","","","","","","",""
"The Lord of the Rings: Journeys in Middle-earth – The Haunting of Dale","319895","0","0","0","1","0","0","0","0","0","0","0","3","","","","","","111440588","5.86542","8.56227","2.75","0","1868","thing","The Lord of the Rings: Journeys in Middle-earth – The Haunting of Dale","1","5","120","120","60","2020","1,2,3,4,5","3","10+","Extensive use of text - massive conversion needed to be playable","","","","","","expansion","","","","","","","","","","","","","","",""
"Love Letter","129622","10","0","0","1","0","0","0","0","0","0","0","3","","","","","","33871162","7.12178","7.22616","1.1843","372","118744","thing","Love Letter","2","4","20","20","20","2012","3,4","4","8+","Some necessary text - easily memorized or small crib sheet","","","","","","standalone","","","","","","","","","","","","uplay.it edizioni","Italian","2012","uplay Italian edition"
"Lupus in Tabula: The Jack-o'-Lantern","104872","0","0","0","1","0","0","0","0","0","0","0","3","","","","","","14672899","0","6.1","1","0","134","thing","Lupus in Tabula: The Jack-o'-Lantern","8","24","30","30","30","2011","","","","","","","","","","expansion","","","","","","","","","","","","W. Nostheide Verlag GmbH","English; German","2011","English/German Spielbox edition"
"Magic Maze","209778","0","0","0","1","0","0","0","0","0","0","0","1","","","","","","41697153","6.77292","6.93392","1.7512","805","38735","thing","Magic Maze","1","8","15","15","15","2017","2,3,4,5,6","4","8+","No necessary in-game text","","","","","","standalone","","","","","","","","","","","","Ghenos Games","Italian","2017","Italian edition"
"Magic: The Gathering","463","0","0","0","1","0","0","0","0","0","0","0","1","","","","","","54390068","7.41278","7.5986","3.2888","169","48413","thing","Magic: The Gathering","2","6","20","20","20","1993","2,3,4","2","12+","Unplayable in another language","","","","","","standalone","","","","","","","","","","","","","","",""
"Magic: The Gathering – Arena of the Planeswalkers","167698","0","0","0","1","0","0","0","0","0","0","0","1","","","","","","54390066","5.80639","6.12829","2.3832","4771","11976","thing","Magic: The Gathering – Arena of the Planeswalkers","2","5","60","60","60","2015","2,3,4,5","2,4","8+","Moderate in-game text - needs crib sheet or paste ups","","","","","","standalone","","","","","","","","","","","","Hasbro; Wizards of the Coast","English","2015","English first edition"
"Mansions of Madness: Second Edition – Altered Fates","363616","0","0","0","1","0","0","0","0","0","0","0","3","","","","","","111440608","5.67255","8.23396","2.75","0","1143","thing","Mansions of Madness: Second Edition – Altered Fates","1","5","120","120","90","2018","1,2,3,4","2","12+","Extensive use of text - massive conversion needed to be playable","","","","","","expansion","","","","","","","","","","","","","","",""
"Mansions of Madness: Second Edition – Dark Reflections","363618","0","0","0","1","0","0","0","0","0","0","0","3","","","","","","111440611","5.6577","8.21404","3.3333","0","1097","thing","Mansions of Madness: Second Edition – Dark Reflections","1","5","240","240","180","2017","3,4","2,3","12+","","","","","","","expansion","","","","","","","","","","","","","","",""
"Mansions of Madness: Second Edition – What Lies Within","363617","0","0","0","1","0","0","0","0","0","0","0","3","","","","","","111440615","5.65863","8.21637","3","0","1107","thing","Mansions of Madness: Second Edition – What Lies Within","1","5","150","150","120","2016","3,4","2,3","12+","","","","","","","expansion","","","","","","","","","","","","","","",""
"Marvel Champions: Il Gioco di Carte","285774","0","0","0","1","0","0","0","0","0","0","0","3","","","","","","81727356","7.78774","8.10503","2.964","50","49003","thing","Marvel Champions: The Card Game","1","4","90","90","45","2019","1,2,3","1,2","12+","Extensive use of text - massive conversion needed to be playable","","","","","","standalone","","","","","","","","","","","","Fantasy Flight Games","Italian","2019","Italian edition"
"Marvel Champions: Il Gioco di Carte – L'Ascesa del Teschio Rosso","306430","0","0","0","1","0","0","0","0","0","0","0","3","","","","","","81727374","6.9019","8.37845","2.7812","0","14808","thing","Marvel Champions: The Card Game – The Rise of Red Skull","1","4","90","90","45","2020","1,2,3","1,2","12+","Extensive use of text - massive conversion needed to be playable","","","","","","expansion","","","","","","","","","","","","Fantasy Flight Games","Italian","2020","Italian edition"
"Marvel United","298047","0","0","0","1","0","0","0","0","0","0","0","1","","","","","","77240282","7.16437","7.53146","1.8487","340","29583","thing","Marvel United","1","4","40","40","40","2020","1,2,3,4","3","8+","Moderate in-game text - needs crib sheet or paste ups","","","","","","standalone","","","","","","","","","","","","CMON Global Limited; Spin Master Ltd.","Italian","2020","Italian edition"
"Marvel United: Deadpool","339131","0","0","0","1","0","0","0","0","0","0","0","3","","","","","","111309262","5.83723","7.72254","1.8","0","4913","thing","Marvel United: Deadpool","1","5","40","40","40","2022","1,2,3,4,5","3","10+","Moderate in-game text - needs crib sheet or paste ups","","","","","","expansion","","","","","","","","","","","","","","",""
"Marvel United: Guardians of the Galaxy Remix","302670","0","0","0","1","0","0","0","0","0","0","0","3","","","","","","111309277","6.00222","7.9798","2.0667","0","4650","thing","Marvel United: Guardians of the Galaxy Remix","1","4","45","45","30","2021","1,2,3,4","3","8+","Moderate in-game text - needs crib sheet or paste ups","","","","","","expansion","","","","","","","","","","","","","","",""
"Marvel United: Rise of the Black Panther","302669","0","0","0","1","0","0","0","0","0","0","0","3","","","","","","111309274","6.05159","7.85791","2.1429","0","6743","thing","Marvel United: Rise of the Black Panther","1","4","45","45","30","2021","1,2,3,4","2,3","8+","Moderate in-game text - needs crib sheet or paste ups","","","","","","expansion","","","","","","","","","","","","","","",""
"Marvel United: Tales of Asgard","302668","0","0","0","1","0","0","0","0","0","0","0","3","","","","","","111309271","5.95617","7.88143","2.1875","0","4422","thing","Marvel United: Tales of Asgard","1","4","45","45","30","2021","1,2,3,4","3","10+","Moderate in-game text - needs crib sheet or paste ups","","","","","","expansion","","","","","","","","","","","","","","",""
"Mascarade","139030","8","2","0","1","0","0","0","0","0","0","0","1","","","","","","25048727","6.3272","6.54978","1.5296","1798","18135","thing","Mascarade","2","13","30","30","30","2013","4,5,6,7,8,9,10,11","6,7,8","10+","No necessary in-game text","","","","","","standalone","","","","","","","","","","","","Asterion Press; Repos Production","Italian","2013","Italian edition"
"Mascarade: Usurpatore","144984","0","0","0","1","0","0","0","0","0","0","0","1","","","","","","26098772","5.59907","6.90663","1.6","0","1014","thing","Mascarade: Usurper","0","0","0","0","0","2013","","","","No necessary in-game text","","","","","","expansion","","","","","","","","","","","","Asterion Press; Repos Production","Italian","2013","Italian edition"
"Master Labyrinth","437","10","0","0","1","0","0","0","0","0","0","0","1","","","","","","6866507","5.91558","6.29741","1.7667","3793","6118","thing","Master Labyrinth","2","4","30","30","20","2007","2,3,4","3","8+","No necessary in-game text","","","","","","standalone","","","","","","","","","","","","Ravensburger AG","Dutch; English; French; German; Italian","2007","Multilingual edition 2007"
"The Mind","244992","0","0","0","1","0","0","0","0","0","0","0","1","","","","","","60487777","6.58704","6.70678","1.0743","1141","71358","thing","The Mind","2","4","20","20","20","2018","2,3,4","4","8+","No necessary in-game text","","","","","","standalone","","","","","","","","","","","","DV Games","Italian","2018","Italian edition"
"Mind MGMT: The Psychic Espionage “Game.”","284653","0","0","0","1","0","0","0","0","0","0","0","3","","","","","","107506382","7.1777","7.77155","2.8931","327","16935","thing","Mind MGMT: The Psychic Espionage “Game.”","1","5","60","60","60","2022","1,2,3,4,5","2,3","12+","Some necessary text - easily memorized or small crib sheet","","","","","","standalone","","","","","","","","","","","","Off the Page Games","English","2022","English retail edition, second printing"
"MindTrap","1923","8.5","0","0","1","0","0","0","0","0","0","0","3","","","","","","6985732","5.17486","4.80256","1.9444","31282","5582","thing","MindTrap","2","16","60","60","60","1991","2,4,5,6,7,8,9,10","6","12+","Unplayable in another language","","","","","","standalone","","","","","","","","","","","","MindTrap Games, Inc.","English","1991","MindTrap English first edition"
"MindTrap II","5425","9","0","0","1","0","0","0","0","0","0","0","3","","","","","","6985730","5.46894","5.31884","1.9412","30283","1284","thing","MindTrap II","2","10","60","60","60","1997","3,4,5,6,7,8","4,6","12","Unplayable in another language","","","","","","standalone","","","","","","","","","","","","Pressman Toy Corp.","English","1997","Pressman edition"
"Monopoly","1406","7","0","0","1","0","0","0","0","0","0","0","3","","","","","","6985750","4.2925","4.36774","1.6165","31326","60979","thing","Monopoly","2","8","180","180","60","1936","3,4,5,6","4","8+","Moderate in-game text - needs crib sheet or paste ups","","","","","","standalone","","","","","","","","","","","","Parker Brothers","English","1936","Parker Brothers Small Box Popular Edition (aka #8 or 'green')"
"Mosaic: A Story of Civilization","329551","0","0","0","1","0","0","0","0","0","0","0","3","","","","","","107506371","6.80909","7.45931","3.0538","753","8977","thing","Mosaic: A Story of Civilization","2","6","120","120","120","2022","3,4,5","4","12+","Moderate in-game text - needs crib sheet or paste ups","","","","","","standalone","","","","","","","","","","","","Forbidden Games","English","2022","English Colossus edition"
"Munchkin Cthulhu","25071","0","0","0","1","0","0","0","0","0","0","0","1","","","","","","14162274","5.87951","6.19951","1.7243","4097","14013","thing","Munchkin Cthulhu","3","6","90","90","90","2007","3,4,5,6","4","12+","Extensive use of text - massive conversion needed to be playable","3242","851442","2007","2193","","standalone","","","","","","","","","","","","","","",""
"Muse","234396","0","0","0","1","0","0","0","0","0","0","0","3","","","","","","67315898","6.03139","6.575","1.1111","3054","5111","thing","Muse","2","12","30","30","30","2017","4,5,6,7,8","4,6","8+","Moderate in-game text - needs crib sheet or paste ups","","","","2193","","standalone","","","","","","","","","","","","","","",""
"Mysterium","181304","0","0","0","1","0","0","0","0","0","0","0","3","","","","","","60487442","7.04557","7.18756","1.8896","460","85581","thing","Mysterium","2","7","42","42","42","2019","3,4,5,6,7","5,6","8+","No necessary in-game text","","","","","","standalone","","","","","","","","","","","","Libellud","Italian","2019","Italian edition"
"Mysterium: Segni Nascosti","192661","0","0","0","1","0","0","0","0","0","0","0","3","","","","","","60487444","6.74789","7.74392","1.7381","0","14202","thing","Mysterium: Hidden Signs","2","7","42","42","42","2019","3,4,5,6,7","5,6,7","8+","No necessary in-game text","","","","","","expansion","","","","","","","","","","","","Libellud","Italian","2019","Italian edition"
"Mysterium: Segreti e Bugie","216465","0","0","0","1","0","0","0","0","0","0","0","3","","","","","","60487449","6.54112","7.81738","1.7273","0","10540","thing","Mysterium: Secrets & Lies","2","7","42","42","42","2019","3,4,5,6,7","4,5","10+","No necessary in-game text","","","","","","expansion","","","","","","","","","","","","asmodee; Libellud","Italian","2019","Italian edition"
"Mysterium: The Meeple Promo Cards","202669","0","0","0","1","0","0","0","0","0","0","0","3","","","","","","60487451","5.59852","7.28784","1.5","0","795","thing","Mysterium: The Meeple Promo Cards","2","7","0","0","0","2016","","","","","","","","","","expansion","","","","","","","","","","","","Libellud","French","2016","First edition"
"Mystery House: Avventure in Scatola","269537","0","0","0","1","0","0","0","0","0","0","0","3","","","","","","66204382","5.72173","6.27849","2.125","5987","2494","thing","Mystery House: Adventures in a Box","1","5","60","60","60","2019","1,2,3","2","12+","Moderate in-game text - needs crib sheet or paste ups","","","","","","standalone","","","","","","","","","","","","Cranio Creations","Italian","2019","Italian edition"
"Nations","126042","0","0","0","1","0","0","0","0","0","0","0","3","","","","","","20945550","7.23624","7.58729","3.5413","275","13249","thing","Nations","1","5","200","200","40","2013","1,2,3,4,5","3,4","14+","Moderate in-game text - needs crib sheet or paste ups","","","","","","standalone","","","","","","","","","","","","Asterion Press","Italian","2013","Italian edition"
"Nations: Kreml (Promokarte)","149248","0","0","0","1","0","0","0","0","0","0","0","3","","","","","","20886794","5.59597","7.33566","2.75","0","911","thing","Nations: Kremlin promo card","1","5","0","0","0","2013","1,2,3,4","3,4","","Some necessary text - easily memorized or small crib sheet","","","","","","expansion","","","","","","","","","","","","Lautapelit.fi","German","2013","Lautapelit.fi German edition"
"Nations: Mechanical Turk promo card","149249","0","0","0","1","0","0","0","0","0","0","0","3","","","","","","20886795","5.58439","7.18615","2.6667","0","913","thing","Nations: Mechanical Turk promo card","0","0","0","0","0","2013","","","","Some necessary text - easily memorized or small crib sheet","","","","","","expansion","","","","","","","","","","","","Lautapelit.fi","English","2013","Lautapelit.fi English edition"
"Neuroshima Hex!","21241","6","0","0","1","0","0","0","0","0","0","0","1","","","","","","12069080","7.07075","7.3829","2.6075","424","17655","thing","Neuroshima Hex","2","4","30","30","30","2010","2,3,4","2","10+","No necessary in-game text","","","","","","standalone","","","","","","","","","","","","HomoLudicus; Portal Games; Rocks Games; Stratelibri","Dutch; German; Italian; Polish; Spanish","2010","Multilingual edition 2.5 edition"
"New Angeles","205716","0","0","0","1","0","0","0","0","0","0","0","1","","","","","","60819466","6.38204","7.04117","3.2212","1654","6318","thing","New Angeles","4","6","240","240","120","2017","4,5,6","6","12+","Extensive use of text - massive conversion needed to be playable","","","","","","standalone","","","","","","","","","","","","asmodee","Italian","2017","Italian edition"
"Newton","244711","0","0","0","1","0","0","0","0","0","0","0","1","","","","","","81885524","7.02315","7.49169","3.3701","486","10605","thing","Newton","1","4","90","90","90","2018","1,2,3,4","3","12+","No necessary in-game text","","","","","","standalone","","","","","","","","","","","","Cranio Creations","Italian","2018","Italian edition"
"La notte dei vampiri","166388","0","0","0","1","0","0","0","0","0","0","0","1","","","","","","66204844","0","7.21818","1","0","80","thing","Vampire Mafia","3","16","30","30","30","2018","5,6,7,8,9,10,11,12,13,14","8","12+","","","","","","","standalone","","","","","","","","","","","","Pendragon Game Studio","Italian","2018","Italian edition"
"Novembre Rosso","36946","0","0","0","1","0","0","0","0","0","0","0","3","","","","","","11414298","6.08221","6.28691","2.0732","2778","11775","thing","Red November","1","8","120","120","60","2008","1,2,3,4,5,6","4","10+","Some necessary text - easily memorized or small crib sheet","","","","","","standalone","","24","USD","","","2010-10-19","","1","","","","Nexus Editrice","Italian","2008","Italian edition"
"Nuns on the Run","65515","8","1","0","1","0","0","0","0","0","0","0","3","","","","","","11515110","6.12281","6.49376","2.0699","2577","6245","thing","Nuns on the Run","2","8","60","60","45","2010","4,5,6,7,8","5,6","10+","Some necessary text - easily memorized or small crib sheet","","","","","","standalone","","","","","","","","","","","","Mayfair Games","English","2010","English edition"
"Oltre","293835","0","0","0","1","0","0","0","0","0","0","0","1","","","","","","107506389","6.45411","7.45463","2.2524","1455","5804","thing","Oltréé","2","4","60","60","60","2022","1,2,3,4","2,4","8+","Extensive use of text - massive conversion needed to be playable","","","","","","standalone","","","","","","","","","","","","GateOnGames; Studio H","Italian","2022","Italian edition"
"Oltre: Vivi e Non Morti","352979","0","0","0","1","0","0","0","0","0","0","0","1","","","","","","107506391","5.66812","8.08582","2.125","0","1648","thing","Oltréé: Undead & Alive","2","4","120","120","60","2023","1,2,3,4","2","10+","Extensive use of text - massive conversion needed to be playable","","","","","","expansion","","","","","","","","","","","","GateOnGames","Italian","2023","Italian edition"
"One Small Step","282227","0","0","0","1","0","0","0","0","0","0","0","3","","","","","","133410405","5.63988","6.87898","3.2","7904","915","thing","One Small Step","2","4","120","120","60","2022","2","2","12+","Moderate in-game text - needs crib sheet or paste ups","","","","","","standalone","","","","","","","","","","","","Fever Games","Italian","2022","Italian edition"
"Onitama","160477","0","0","0","1","0","0","0","0","0","0","0","3","","","","","","60487477","7.13426","7.33236","1.6553","365","39847","thing","Onitama","2","2","20","20","15","2018","2","2","8+","No necessary in-game text","","","","","","standalone","","","","","","","","","","","","Arcane Wonders; Raven Distribution","Italian","2018","Raven Distribution Italian edition"
"ONO 99","7803","6","0","0","1","0","0","0","0","0","0","0","3","","","","","","6985748","5.51657","5.71256","1.1562","20863","2082","thing","ONO 99","2","8","0","0","0","1980","2,3,4,5,6","3,4","8+","No necessary in-game text","","","1990","2193","","standalone","","","","","","","","","","","","","","",""
"Operation: Mata Hari","443200","0","0","0","1","0","0","0","0","0","0","0","3","","","","","","133411486","0","6.11111","2","0","20","thing","Operation: Mata Hari","3","8","45","45","30","2025","3,4,5,6,7","7","","","","","","","","standalone","","","","","","","","","","","","TambùGames","English; French; German; Italian; Portuguese; Spanish","2025","Multilingual edition"
"Original Stratego","1917","9","3","2","1","0","0","0","0","0","0","0","3","","","","","","8896999","6.01573","6.16544","1.849","3124","33380","thing","Stratego","2","2","45","45","45","2010","2","2","8+","No necessary in-game text","","","","","","standalone","","","","","","","","","","","","Jumbo","English","2010","Jumbo edition 2010"
"Othello","2389","8","0","0","1","0","0","0","0","0","0","0","3","","","","","","6985738","5.96055","6.16512","2.0708","3471","16636","thing","Othello","2","2","30","30","30","1978","2","2","8+","No necessary in-game text","","","","","","standalone","","","","","","","","","","","","Gabriel","English","1978","Gabriel edition 1978 with rolltop piece trays"
"The Palaces of Carrara","129948","0","0","0","1","0","0","0","0","0","0","0","3","","","","","","133410476","6.58523","7.11073","2.5894","1144","4937","thing","The Palaces of Carrara","2","4","60","60","60","2012","2,3,4","4","10+","Some necessary text - easily memorized or small crib sheet","","","","","","standalone","","","","","","","","","","","","Z-Man Games","English","2012","English edition"
"Paleo","300531","0","0","0","1","0","0","0","0","0","0","0","1","","","","","","111309190","7.30605","7.64257","2.6575","236","30851","thing","Paleo","2","4","60","60","45","2020","1,2,3,4","2,3","10+","Some necessary text - easily memorized or small crib sheet","","","","","","standalone","","","","","","","","","","","","Giochi Uniti; Hans im Glück","Italian","2020","Italian edition"
"Pandemic","30549","9","8","0","1","0","0","0","0","0","0","0","1","","","","","","10642449","7.40036","7.5104","2.3934","174","228928","thing","Pandemic","2","4","45","45","45","2008","1,2,3,4","4","10+","Some necessary text - easily memorized or small crib sheet","","","","","","standalone","","","","","","","","2","","","","Z-Man Games","English","2008","English first edition 2008"
"Pandemic: Il Regno di Cthulhu","192153","0","0","0","1","0","0","0","0","0","0","0","1","","","","","","111309391","6.94964","7.35458","2.1752","569","21839","thing","Reign of Cthulhu","2","4","40","40","40","2016","1,2,3,4","4","10+","Moderate in-game text - needs crib sheet or paste ups","","","","","","standalone","","","","","","","","","","","","Asterion Press; Z-Man Games","Italian","2016","Italian edition"
"Pandemic: On the Brink","40849","9","5","0","1","0","0","0","0","0","0","0","3","","","","","","11515064","7.6863","8.02777","2.6536","0","54209","thing","Pandemic: On the Brink","2","5","45","45","45","2009","1,2,3,4,5","4","10+","Moderate in-game text - needs crib sheet or paste ups","","","","","","expansion","","","","","","","","","","","","Z-Man Games","English","2009","English first edition"
"Pictomania","252526","0","0","0","1","0","0","0","0","0","0","0","1","","","","","","60487503","6.60216","7.55846","1.4386","1108","5380","thing","Pictomania (Second Edition)","3","6","40","40","20","2018","3,4,5,6","5,6","10+","Extensive use of text - massive conversion needed to be playable","","","","","","standalone","","","","","","","","","","","","Cranio Creations","Italian","2018","Italian edition"
"Pocket Scrabble","320","9","0","0","1","0","0","0","0","0","0","0","3","","","","","","6985139","6.15179","6.27519","2.0519","2442","72947","thing","Scrabble","2","4","90","90","90","1958","2,3,4","2","10+","Unplayable in another language","","","","","","standalone","","","","","","","","","","","","Spear's Games","English","1958","Spear's English edition in square box"
"Point City","368017","0","0","0","1","0","0","0","0","0","0","0","3","","","","","","133410449","6.58816","7.12457","1.6903","1137","11359","thing","Point City","1","4","30","30","15","2023","1,2,3,4","2","10+","Some necessary text - easily memorized or small crib sheet","","","","","","standalone","","","","","","","","","","","","Flatout Games","English","2023","English edition"
"Potemkin Empire","273164","0","0","0","1","0","0","0","0","0","0","0","3","","","","","","63039196","5.54535","6.3049","2","14110","370","thing","Potemkin Empire","3","5","45","45","45","2019","3,4","3","8","Some necessary text - easily memorized or small crib sheet","","","","","","standalone","","","","","","","","","","","","Indie Boards & Cards","English","2019","English edition"
"Pozioni Esplosive","180974","0","0","0","1","0","0","0","0","0","0","0","1","","","","","","60819624","6.92446","7.12165","1.7768","604","34348","thing","Potion Explosion","2","4","45","45","30","2015","2,3,4","3","8+","No necessary in-game text","","","","","","standalone","","","","","","","","","","","","Ghenos Games","Italian","2015","Italian first edition"
"Pozioni Esplosive: il Quinto Ingrediente","203542","0","0","0","1","0","0","0","0","0","0","0","1","","","","","","60819625","6.23003","7.53232","1.95","0","6866","thing","Potion Explosion: The Fifth Ingredient","2","4","60","60","30","2017","2,3,4","2","8+","No necessary in-game text","","","","","","expansion","","","","","","","","","","","","Ghenos Games","Italian","2017","Italian edition"
"Primo Contatto","258309","0","0","0","1","0","0","0","0","0","0","0","3","","","","","","66204341","6.07248","6.93841","1.9756","2839","2673","thing","First Contact","2","7","40","40","15","2019","4,5,6,7","5,6","8+","Moderate in-game text - needs crib sheet or paste ups","","","","","","standalone","","","","","","","","","","","","MS Edizioni","Italian","2019","Italian edition"
"Principi di Firenze","555","0","0","0","1","0","0","0","0","0","0","0","3","","","","","","7265898","7.19642","7.48827","3.2386","311","18652","thing","The Princes of Florence","1","5","100","100","75","2017","3,4,5","5","12+","Moderate in-game text - needs crib sheet or paste ups","","","","","","standalone","","","","","","","","","","","","uplay.it edizioni","Italian","2017","uplay Italian edition"
"Puerto Rico","3076","0","0","0","1","0","0","0","0","0","0","0","1","","","","","","67315794","7.7492","7.8965","3.2658","58","85448","thing","Puerto Rico","3","5","150","150","90","2009","2,3,4,5","4","12+","Moderate in-game text - needs crib sheet or paste ups","","","","","","standalone","","","","","","","","","","","","Stratelibri","Italian","2009","Italian edition"
"Puerto Rico","318985","0","0","0","1","0","0","0","0","0","0","0","1","","","","","","84262684","6.45941","7.96846","3.0377","0","4082","thing","Puerto Rico","2","5","120","120","70","2020","2,3,4,5","4","12+","Moderate in-game text - needs crib sheet or paste ups","","","","","","standalone","","","","","","","","","","","","alea","Italian; Spanish","2020","Italian/Spanish edition"
"Puerto Rico: Edizione limitata per l'anniversario","108687","0","0","0","1","0","0","0","0","0","0","0","3","","","","","","20899998","7.4761","8.30188","3.2232","0","10424","thing","Puerto Rico","2","5","150","150","90","2013","2,3,4,5","4","12+","Some necessary text - easily memorized or small crib sheet","","","","","","standalone","","66","EUR","","","2013-10-31","uplay.it","1","","","","Giochi Uniti","Italian","2013","Italian first edition"
"Puzzle Strike: Promo-Tableau","134205","0","0","0","1","0","0","0","0","0","0","0","3","","","","","","31075972","5.57901","7.14871","2.2","0","663","thing","Puzzle Strike: Promo Chips","2","4","20","20","20","2015","2,4","2","","Moderate in-game text - needs crib sheet or paste ups","","","","","","expansion","","","","","","","","","","","","W. Nostheide Verlag GmbH","German","2015","Spielbox German edition"
"Quadropolis: Openbare Gebouwen","219618","0","0","0","1","0","0","0","0","0","0","0","1","","","","","","60819449","5.89317","7.36495","2.1111","0","3737","thing","Quadropolis: Public Services","2","4","60","60","30","2017","2,3,4","3,4","10+","No necessary in-game text","","","","","","expansion","","","","","","","","","","","","Days of Wonder","Dutch; German; Italian","2017","Dutch/German/Italian edition"
"Quarriors! Dice-Building Game Set-up Box","91536","8","4","2","1","0","0","0","0","0","0","0","3","","","","","","14638242","6.50134","6.72809","1.969","1341","18536","thing","Quarriors!","2","4","30","30","30","2012","2,3,4","3","8+","Moderate in-game text - needs crib sheet or paste ups","","","","","","standalone","","","","","","","","","","","","WizKids (I)","English","2012","English edition 2012"
"Quarto!","681","6","0","0","1","0","0","0","0","0","0","0","3","","","","","","7172012","6.56566","6.90022","1.8635","1187","15556","thing","Quarto","2","2","20","20","20","1991","2","2","8+","No necessary in-game text","","","","","","standalone","","","","","","","","","","","","Gigamic","Dutch; English; French; German; Italian; Portuguese; Spanish","1991","Gigamic green edition 1991"
"Quest","316287","0","0","0","1","0","0","0","0","0","0","0","1","","","","","","95303902","6.15093","7.25608","1.8571","2446","4223","thing","Quest","4","10","30","30","30","2021","4,5,6,7,8,9,10","6,8","12+","Some necessary text - easily memorized or small crib sheet","","","","","","standalone","","","","","","","","","","","","","","",""
"Quoridor Mini","624","7.5","0","0","1","0","0","0","0","0","0","0","3","","","","","","7172015","6.35507","6.64033","1.8211","1715","16419","thing","Quoridor","2","4","15","15","15","2003","2,4","2","8+","No necessary in-game text","","","","","","standalone","","","","","","","","","","","","Gigamic","Arabic; Chinese; Czech; Danish; Dutch; English; Estonian; Finnish; French; German; Greek; Hungarian; Icelandic; Italian; Japanese; Korean; Latvian; Lithuanian; Norwegian; Polish; Portuguese; Romanian; Russian; Slovak; Spanish; Swedish; Turkish","2003","Gigamic edition 2003"
"Race for the Galaxy","28143","0","0","0","1","0","0","0","0","0","0","0","1","","","","","","10642445","7.61437","7.73586","2.9938","94","74611","thing","Race for the Galaxy","2","4","60","60","30","2009","2,3,4","2","12+","Some necessary text - easily memorized or small crib sheet","","","","","","standalone","","","","","","","","","","","","Gamesinitaly; Ghenos Games; Giochix.it","Italian","2009","Italian edition"
"Race for the Galaxy: sull'Orlo della Guerra","66121","0","0","0","1","0","0","0","0","0","0","0","3","","","","","","11886444","6.85175","7.75859","3.3795","0","10220","thing","Race for the Galaxy: The Brink of War","1","6","60","60","30","2010","1,2,3,4,5,6","2,4","12+","Some necessary text - easily memorized or small crib sheet","","","","","","expansion","","","","","","","","","","","","Gamesinitaly; Ghenos Games; Giochix.it","Italian","2010","Italian edition"
"Red Light: A Star is Porn","264282","9","0","0","1","0","0","0","0","0","0","0","1","","","","","","55591250","5.50196","5.6232","2.25","25819","420","thing","Red Light: A Star is Porn","2","6","50","50","50","2018","2,3","2,3","21 and up","","","","","","","standalone","","20","EUR","","","2018-10-31","Manuel","7","","","","Freak & Chic LLC","Italian","2018","Italian edition"
"Regicide","307002","0","0","0","1","0","0","0","0","0","0","0","3","","","","","","133410313","6.96654","7.39092","1.9737","543","16837","thing","Regicide","1","4","30","30","10","2020","1,2,3,4","2","10+","No necessary in-game text","","","","","","standalone","","","","","","","","","","","","Badgers from Mars","English","2020","English first teal edition"
"Release!","166248","0","0","0","1","0","0","0","0","0","0","0","3","","","","","","26870625","5.50103","5.7597","1.625","26104","207","thing","Release!","2","10","30","30","30","2014","","","","Extensive use of text - massive conversion needed to be playable","","","","","","standalone","","","","","","","","","","","","Inedo; Naturalist Games","English","2014","Kickstarter edition"
"Repubblica Ribelle","299100","0","0","0","1","0","0","0","0","0","0","0","3","","","","","","81737754","0","8.15625","2.4","0","43","thing","Repubblica Ribelle","3","6","120","120","60","2019","1,2,3,4,5,6","4,6","16+","Extensive use of text - massive conversion needed to be playable","","","","","","standalone","","","","","","","","","","","","(Self-Published)","Italian","2019","Italian first edition"
"Res Arcana","262712","0","0","0","1","0","0","0","0","0","0","0","3","","","","","","85414573","7.38478","7.60498","2.6566","186","35419","thing","Res Arcana","2","4","60","60","30","2021","2,3,4","2","10+","Some necessary text - easily memorized or small crib sheet","","","","","","standalone","","","","","","","","","","","","Sand Castle Games","Italian","2021","Italian edition"
"Res Arcana: Lux et Tenebrae","288168","0","0","0","1","0","0","0","0","0","0","0","3","","","","","","85414597","7.05355","8.17597","2.7273","0","13614","thing","Res Arcana: Lux et Tenebrae","2","5","60","60","30","2021","2,3,4,5","2","12+","Moderate in-game text - needs crib sheet or paste ups","","","","","","expansion","","","","","","","","","","","","Sand Castle Games","Italian","2021","Italian edition"
"Res Arcana: Perlae Imperii","340375","0","0","0","1","0","0","0","0","0","0","0","3","","","","","","133410493","6.78716","8.29986","2.6923","0","9725","thing","Res Arcana: Perlae Imperii","2","5","60","60","20","2021","2,3,4","2","12+","Some necessary text - easily memorized or small crib sheet","","","","","","expansion","","","","","","","","","","","","Sand Castle Games","Italian","2021","Italian edition"
"Rick and Morty: 100 Giorni","232827","0","0","0","1","0","0","0","0","0","0","0","3","","","","","","66204467","5.54018","6.37957","2.7273","14907","503","thing","Rick and Morty: 100 Días","2","4","70","70","45","2019","2,3,4","3,4","16+","Moderate in-game text - needs crib sheet or paste ups","","","","","","standalone","","","","","","","","","","","","Pendragon Game Studio","Italian","2019","Italian edition"
"Risk: Halo Legendary Edition","126789","0","0","0","1","0","0","0","0","0","0","0","3","","","","","","24246288","5.56544","6.38163","2.4167","11861","1045","thing","Risk: Halo Legendary Edition","2","5","90","90","45","2012","3,4,5","5","10+","Moderate in-game text - needs crib sheet or paste ups","","","","","","standalone","","","","","","","","","","","","The Op Games","English","2012","English edition"
"Ristorante Italia","91189","4","0","0","1","0","0","0","0","0","0","0","1","","","","","","22927158","5.76818","6.80726","2.4","5243","948","thing","Ristorante Italia","2","5","90","90","90","2011","2,3,4,5","3,4","8+","Some necessary text - easily memorized or small crib sheet","","","","","","standalone","","","","","","","","","","","","Red Glove","Italian","2011","Italian first edition"
"Room 25","127024","0","0","0","1","0","0","0","0","0","0","0","3","","","","","","60651212","6.35012","6.67887","1.9304","1729","9441","thing","Room 25","1","6","30","30","30","2015","3,4,5,6","4,5,6","10+","Some necessary text - easily memorized or small crib sheet","","","","","","standalone","","35","EUR","","","2019-05-19","","1","","","2019-05-19","Asterion Press","Italian","2015","Asterion Italian second edition"
"Rush & Bash","177965","0","0","0","1","0","0","0","0","0","0","0","3","","","","","","50865407","5.91582","6.74171","1.46","3789","2478","thing","Rush & Bash","2","6","30","30","30","2015","3,4,5,6","5,6","6+","Some necessary text - easily memorized or small crib sheet","","","","","","standalone","","","","","","","","","","","","Red Glove","Italian","2015","Italian edition"
"SALTInMENTE","2381","6","0","0","1","0","0","0","0","0","0","0","3","","","","","","6985778","6.08574","6.30709","1.3567","2761","25367","thing","Scattergories","2","6","30","30","30","1990","2,3,4,5,6","4,5,6","10+","Unplayable in another language","","","","","","standalone","","","","","","","","","","","","MB Giochi","Italian","1990","MB Giochi Italian edition"
"Santorini","194655","0","0","0","1","0","0","0","0","0","0","0","1","","","","","","111309206","7.18719","7.32861","1.7175","317","66664","thing","Santorini","2","4","20","20","20","2016","2,3","2","6+","No necessary in-game text","","","","","","standalone","","","","","","","","","","","","Roxley","English","2016","Roxley English Kickstarter edition"
"Santorini: Pantheon Edition","386166","0","0","0","1","0","0","0","0","0","0","0","3","","","","","","133410249","6.5091","8.4888","1.7059","1322","4670","thing","Santorini: Pantheon Edition","2","4","20","20","20","2025","2,3,4","2","6+","Some necessary text - easily memorized or small crib sheet","","","","","","standalone","","","","","","","","","","","","Roxley","English","2025","English Kickstarter Synth edition"
"Santorini: Riddle of the Sphinx","383477","0","0","0","1","0","0","0","0","0","0","0","3","","","","","","133410251","5.92987","8.01767","2.2857","0","3693","thing","Santorini: Riddle of the Sphinx","1","4","20","20","20","2025","1,2","1","12+","Extensive use of text - massive conversion needed to be playable","","","","","","expansion","","","","","","","","","","","","Roxley","English","2025","English Synth edition"
"Die Säulen der Erde","24480","0","0","0","1","0","0","0","0","0","0","0","3","","","","","","67315873","7.0273","7.25399","2.8141","480","24246","thing","The Pillars of the Earth","2","4","120","120","90","2006","2,3,4","4","12+","Moderate in-game text - needs crib sheet or paste ups","","","","","","standalone","","","","","","","","","","","","KOSMOS","German","2006","German second edition"
"Die Schlösser des König Ludwig","155426","0","0","0","1","0","0","0","0","0","0","0","1","","","","","","81790257","7.3045","7.49554","2.6466","237","36486","thing","Castles of Mad King Ludwig","1","4","90","90","90","2014","2,3,4","4","10+","Some necessary text - easily memorized or small crib sheet","","","","","","standalone","","","","","","","","","","","","Bézier Games","German","2014","German edition"
"Scotland Yard","438","8.5","0","0","1","0","0","0","0","0","0","0","3","","","","","","6985709","6.34198","6.50526","1.9444","1748","32398","thing","Scotland Yard","2","6","45","45","45","1992","2,3,4,5,6","2,5","8+","No necessary in-game text","","","","","","standalone","","","","","","","","","","","","Otto Maier Verlag","Italian","1992","Ravensburger Italian edition 1992"
"Seconda Chance","265683","0","0","0","1","0","0","0","0","0","0","0","3","","","","","","66204325","6.04456","6.64685","1.1429","2980","4138","thing","Second Chance","1","6","15","15","10","2019","1,2,3,4,5,6","2,3,4","8+","No necessary in-game text","","","","","","standalone","","","","","","","","","","","","MS Edizioni","Italian","2019","Italian edition"
"Secret Hitler","188834","0","0","0","1","0","0","0","0","0","0","0","1","","","","","","111309198","7.24644","7.48194","1.7339","269","52915","thing","Secret Hitler","5","10","45","45","45","2015","6,7,8,9,10","8,10","14+","Some necessary text - easily memorized or small crib sheet","","","","","","standalone","","","","","","","","","","","","(Self-Published); Goat Wolf & Cabbage","English","2015","English Print & Play edition"
"Il Segno degli Antichi","100423","5","0","0","1","0","0","0","0","0","0","0","1","","","","","","60819486","6.77297","6.96748","2.342","804","44477","thing","Elder Sign","1","8","90","90","90","2012","1,2,3,4","4","12+","Some necessary text - easily memorized or small crib sheet","","","","","","standalone","","","","","","","","","","","","Stratelibri","Italian","2012","Italian edition"
"Il Segno degli Antichi: Presagi dagli Abissi","212572","4","0","0","1","0","0","0","0","0","0","0","1","","","","","","60819485","6.07558","7.79564","2.8182","0","5411","thing","Elder Sign: Omens of the Deep","1","8","90","90","90","2017","1,2,3,4","1,2,3","12+","Some necessary text - easily memorized or small crib sheet","","","","","","expansion","","","","","","","","","","","","Fantasy Flight Games","Italian","2017","Italian edition"
"Shards of Infinity","244115","0","0","0","1","0","0","0","0","0","0","0","3","","","","","","95303972","6.81803","7.41753","2.0859","741","9748","thing","Shards of Infinity","2","4","30","30","30","2022","2,3","2","8+","Moderate in-game text - needs crib sheet or paste ups","","","","","","standalone","","","","","","","","","","","","IELLO; Mancalamaro; Ultra PRO","Italian","2022","Italian edition"
"Shards of Infinity: Relics of the Future","257379","0","0","0","1","0","0","0","0","0","0","0","3","","","","","","111309582","6.18282","7.88587","2.1538","0","3897","thing","Shards of Infinity: Relics of the Future","1","4","30","30","30","2018","1,2","2","10+","Moderate in-game text - needs crib sheet or paste ups","","","","","","expansion","","","","","","","","","","","","Stone Blade Entertainment; Ultra PRO","English","2018","English edition"
"SHASN","257305","0","0","0","1","0","0","0","0","0","0","0","1","","","","","","81790129","5.82641","7.32644","2.9286","4571","1811","thing","SHASN","3","5","120","120","90","2021","2,3,4,5","4","12+","Extensive use of text - massive conversion needed to be playable","","","","","","standalone","","","","","","","","","","","","Memesys Culture Lab","English","2021","English Kickstarter edition"
"Shear Panic!","18866","8.9","0","0","1","0","0","0","0","0","0","0","3","","","","","","6985120","6.00216","6.34073","2.2214","3193","5868","thing","Shear Panic","2","4","45","45","45","2006","2,3,4","4","10+","No necessary in-game text","","","","","","standalone","","","","","","","","","","","","Mayfair Games","English","2006","Mayfair English edition"
"Sherlock Holmes Consulente Investigativo","2511","0","0","0","1","0","0","0","0","0","0","0","3","","","","","","23754738","7.35598","7.59798","2.6643","210","45348","thing","Sherlock Holmes Consulting Detective: The Thames Murders & Other Cases","1","8","120","120","60","2013","1,2,3,4","2","14+","Unplayable in another language","","","","","","standalone","","","","","","","","","","","","Asterion Press","Italian","2013","Italian edition"
"Sherlock Holmes Consulente Investigativo: Carlton House e Queen's Park","223931","0","0","0","1","0","0","0","0","0","0","0","1","","","","","","76331051","6.38036","7.72665","2.24","1659","7358","thing","Sherlock Holmes Consulting Detective: Carlton House & Queen's Park","1","8","90","90","90","2019","1,2,3,4,5","2","12+","Unplayable in another language","","","","","","standalone","","","","","","","","","","","","asmodee","Italian","2019","Italian edition"
"Sherlock Holmes Consulente Investigativo: Jack lo Squartatore e Avventure nel West End","204305","0","0","0","1","0","0","0","0","0","0","0","1","","","","","","76331047","6.94627","7.54016","2.2115","573","18798","thing","Sherlock Holmes Consulting Detective: Jack the Ripper & West End Adventures","1","8","90","90","90","2020","1,2,3,4","2","14+","Unplayable in another language","","","","","","standalone","","","","","","","","","","","","asmodee","Italian","2020","Italian edition"
"Sherlock Holmes Consulting Detective: The Baker Street Irregulars","296345","0","0","0","1","0","0","0","0","0","0","0","1","","","","","","144838387","6.61856","8.1667","2.2703","1076","6963","thing","Sherlock Holmes Consulting Detective: The Baker Street Irregulars","1","8","90","90","90","2020","1,2,3,4","2","14+","Unplayable in another language","","","","","","standalone","","","","","","","","","","","","","","",""
"Shinjuku","286690","0","0","0","1","0","0","0","0","0","0","0","3","","","","","","133410321","5.76725","7.22439","2.5","5259","709","thing","Shinjuku","2","4","60","60","60","2025","2,3,4","4","10+","No necessary in-game text","","","","","","standalone","","","","","","","","","","","","Studio Supernova","English; Italian","2025","English/Italian edition"
"Sid Meier's Civilization: Guerra & Pace","142708","0","0","0","1","0","0","0","0","0","0","0","1","","","","","","55715092","6.61175","8.30873","4","0","5428","thing","Sid Meier's Civilization: The Board Game – Wisdom and Warfare","2","4","180","180","180","2013","2,3,4","4","12+","Extensive use of text - massive conversion needed to be playable","","","","","","expansion","","","","","","","","","","","","Giochi Uniti","Italian","2013","Italian edition"
"Sid Meier's Civilization: Il Gioco da Tavolo – Fama & Fortuna","108415","10","1","0","1","0","0","0","0","0","0","0","3","","","","","","15574520","6.75092","8.02195","3.7792","0","7532","thing","Sid Meier's Civilization: The Board Game – Fame and Fortune","2","5","180","180","180","2011","2,3,4,5","4,5","14+","Extensive use of text - massive conversion needed to be playable","","","","","","expansion","","","","","","","","","","","","Stratelibri","Italian","0","Italian edition"
"Sid Meier's Civilization: The Board Game","77130","10","1","0","1","0","0","0","0","0","0","0","3","","","","","","12603335","7.06047","7.36799","3.8982","438","22719","thing","Sid Meier's Civilization: The Board Game","2","4","240","240","120","2010","2,3,4","4","14+","Extensive use of text - massive conversion needed to be playable","","","","","","standalone","","50","EUR","","","2011-03-26","","1","","","","Fantasy Flight Games","English","2010","English first edition"
"Sid Meier's Civilization: Una nuova alba","233247","0","2","0","1","0","0","0","0","0","0","0","1","","","","","","55715090","6.77098","7.23447","3.2153","810","14243","thing","Civilization: A New Dawn","2","4","120","120","60","2018","2,3,4","4","12+","Moderate in-game text - needs crib sheet or paste ups","","","","","","standalone","","","","","","","","","","","","Fantasy Flight Games","Italian","2018","Italian edition"
"Il Signore degli Anelli: Il Gioco di Carte","77423","0","0","0","1","0","0","0","0","0","0","0","3","","","","","","81790059","7.38311","7.66244","3.2209","187","39114","thing","The Lord of the Rings: The Card Game","1","2","60","60","30","2017","1,2","2","12+","Extensive use of text - massive conversion needed to be playable","","","","","","standalone","","","","","","","","","","","","Fantasy Flight Games; Giochi Uniti","Italian","2017","Giochi Uniti Italian edition"
"Il Signore degli Anelli: Viaggi nella Terra di Mezzo","269385","0","0","0","1","0","0","0","0","0","0","0","3","","","","","","60487409","7.47832","7.88805","2.6983","145","34065","thing","The Lord of the Rings: Journeys in Middle-Earth","1","5","120","120","60","2019","1,2,3,4","2","10+","Extensive use of text - massive conversion needed to be playable","","","","","","standalone","","","","","","","","","","","","Fantasy Flight Games","Italian","2019","Italian edition"
"Il Signore degli Anelli: Viaggi nella Terra di Mezzo – Creature dell'Oscurità","316630","0","0","0","1","0","0","0","0","0","0","0","3","","","","","","84263070","6.24107","8.17056","2.9333","0","7964","thing","The Lord of the Rings: Journeys in Middle-earth – Dwellers in Darkness Figure Pack","1","5","120","120","60","2020","1,2,3,4","1,2,3","10+","Extensive use of text - massive conversion needed to be playable","","","","","","expansion","","","","","","","","","","","","Fantasy Flight Games","Italian","2020","Italian edition"
"Il Signore degli Anelli: Viaggi nella Terra di Mezzo – Nemici dell'Eriador","277721","0","0","0","1","0","0","0","0","0","0","0","3","","","","","","66204885","6.4149","7.9637","2.6923","0","9905","thing","The Lord of the Rings: Journeys in Middle-earth – Villains of Eriador Figure Pack","1","5","120","120","60","2019","1,2,3,4","2","12+","Extensive use of text - massive conversion needed to be playable","","","","","","expansion","","","","","","","","","","","","Fantasy Flight Games","Italian","2019","Italian edition"
"Il Signore degli Anelli: Viaggi nella Terra di Mezzo – Sentieri nell'Ombra","299597","0","0","0","1","0","0","0","0","0","0","0","3","","","","","","84263072","6.83347","8.59876","2.9688","0","11376","thing","The Lord of the Rings: Journeys in Middle-earth – Shadowed Paths Expansion","1","5","120","120","60","2020","1,2,3,4","1,3","12+","Extensive use of text - massive conversion needed to be playable","","","","","","expansion","","","","","","","","","","","","Fantasy Flight Games","Italian","2020","Italian edition"
"Small World","40692","0","0","0","1","0","0","0","0","0","0","0","3","","","","","","25516339","7.082","7.18939","2.3454","412","104777","thing","Small World","2","5","80","80","40","2014","2,3,4,5","4","8+","No necessary in-game text","","","","","","standalone","","","","","","","","","","","","Asterion Press","Italian","2014","Italian second edition"
"Small World Underground","97786","0","0","0","1","0","0","0","0","0","0","0","3","","","","","","25516347","6.87194","7.21963","2.587","655","20236","thing","Small World Underground","2","5","90","90","30","2011","2,3,4,5","4","10+","Moderate in-game text - needs crib sheet or paste ups","","","","","","standalone","","","","","","","","","","","","Days of Wonder; Giochi Uniti","Italian","2011","Italian edition"
"Smash Up","122522","0","0","0","1","0","0","0","0","0","0","0","1","","","","","","81790314","6.50545","6.68889","2.0634","1329","48424","thing","Smash Up","2","4","45","45","45","2012","2,3,4","3","10+","Extensive use of text - massive conversion needed to be playable","","","","","","standalone","","","","","","","","","","","","Alderac Entertainment Group","English","2012","English first edition"
"Smash Up: Big in Japan","216199","0","0","0","1","0","0","0","0","0","0","0","1","","","","","","81790335","6.03915","7.4561","2.375","3005","4625","thing","Smash Up: Big in Japan","2","2","45","45","30","2017","2","","12+","Extensive use of text - massive conversion needed to be playable","","","","","","standalone","","","","","","","","","","","","Alderac Entertainment Group","English","2017","English edition"
"Smash Up: Cease and Desist","198487","0","0","0","1","0","0","0","0","0","0","0","1","","","","","","81790323","6.19167","7.41718","2.2857","2296","6196","thing","Smash Up: Cease and Desist","2","2","45","45","45","2016","2","","12+","Extensive use of text - massive conversion needed to be playable","","","","","","standalone","","","","","","","","","","","","Alderac Entertainment Group","English","2016","English edition"
"Smash Up: Science Fiction Double Feature","151004","0","0","0","1","0","0","0","0","0","0","0","1","","","","","","81790320","6.54375","7.24704","2.25","1234","13084","thing","Smash Up: Science Fiction Double Feature","2","2","45","45","30","2014","2","","12+","Extensive use of text - massive conversion needed to be playable","","","","","","standalone","","","","","","","","","","","","Alderac Entertainment Group","English","2014","English edition"
"Smash Up: What Were We Thinking?","216658","0","0","0","1","0","0","0","0","0","0","0","1","","","","","","81790330","6.02127","7.41454","2.3","3095","4338","thing","Smash Up: What Were We Thinking?","2","4","45","45","45","2017","2,3","3","12+","Extensive use of text - massive conversion needed to be playable","","","","","","standalone","","","","","","","","","","","","Alderac Entertainment Group","English","2017","English edition"
"Spirit Island","162886","0","0","0","1","0","0","0","0","0","0","0","3","","","","","","133410502","8.14105","8.33945","4.0752","11","100429","thing","Spirit Island","1","4","120","120","90","2020","1,2,3,4","2","14+","Extensive use of text - massive conversion needed to be playable","","","","","","standalone","","","","","","","","","","","","Ghenos Games","Italian","2020","Italian first edition"
"Splendor","148228","0","0","0","1","0","0","0","0","0","0","0","3","","","","","","46561931","7.2925","7.42114","1.7747","244","141296","thing","Splendor","2","4","30","30","30","2014","2,3,4","3","8+","No necessary in-game text","","","","","","standalone","","25","EUR","","","2017-11-01","Asterion","1","","Office","2017-11-01","Asterion Press","Italian","2014","Italian edition"
"Splendor: Cities of Splendor","220653","0","0","0","1","0","0","0","0","0","0","0","3","","","","","","46561944","6.69392","7.32388","2.1538","0","19051","thing","Splendor: Cities of Splendor","2","4","30","30","30","2017","2,3,4","3","8+","No necessary in-game text","","","","","","expansion","","25","EUR","","","2017-11-01","Asterion","1","","Office","2017-11-01","Space Cowboys","English","2017","English edition"
"Spyfall: Doppio Gioco","193308","0","0","0","1","0","0","0","0","0","0","0","3","","","","","","60487840","6.25079","6.79607","1.2075","2057","7696","thing","Spyfall 2","3","12","15","15","15","2019","5,6,7,8,9,10,11,12","6,7,8","10+","No necessary in-game text","","","","","","standalone","","","","","","","","","","","","DV Games","Italian","2019","Italian edition"
"Squillo City: Edizione Alto Bordo","295455","0","0","0","1","0","0","0","0","0","0","0","1","","","","","","67315959","0","6.53077","0","0","68","thing","Squillo City","2","5","30","30","20","2019","","","","","","","","","","standalone","","","","","","","","","","","","Freak & Chic LLC; Studio Supernova","Italian","2019","Italian limited edition"
"Squillo Time Travels: Satiri e Baccanti","200294","0","0","0","1","0","0","0","0","0","0","0","1","","","","","","41608334","5.49849","5.39706","2.25","26782","104","thing","Squillo Time Travels: Satiri e Baccanti","2","6","50","50","50","2015","3,4,5,6","4,5","18+","","","","","","","standalone","","","","","","","","","","","","(Unknown)","Italian","2015","Italian edition"
"Squillo: Bordello d'Oriente","150276","0","0","0","1","0","0","0","0","0","0","0","1","","","","","","26098771","5.50115","5.656","1.6667","26064","175","thing","Squillo: Bordello d'Oriente","2","6","50","50","50","2013","3,4,5,6","4","","Extensive use of text - massive conversion needed to be playable","","","","","","standalone","","","","","","","","","","","","Raven Distribution","Italian","2013","Italian edition"
"Squillo: Deluxe Edition","136143","10","0","0","1","0","0","0","0","0","0","0","3","","","","","","18783751","5.42706","4.84188","1.75","30986","479","thing","Squillo","2","6","30","30","30","2013","3,4,5,6","4,5","18+","Extensive use of text - massive conversion needed to be playable","","","","","","standalone","","","","","","","","","","","","Raven Distribution","Italian","2013","Italian second edition"
"Squillo: Marchettari Sprovveduti","180311","0","0","0","1","0","0","0","0","0","0","0","1","","","","","","41608327","5.50348","5.72553","1.5","25367","123","thing","Squillo: Marchettari Sprovveduti","2","6","30","30","30","2014","2,3,4","4","18+","Extensive use of text - massive conversion needed to be playable","","","","","","standalone","","","","","","","","","","","","Raven Distribution","Italian","2014","Italian edition"
"Star Trek: Captain's Chair","422541","0","0","0","1","0","0","0","0","0","0","0","3","","","","","","133410234","6.92573","8.67771","4.0657","601","6029","thing","Star Trek: Captain's Chair","1","2","120","120","60","2025","1,2","1,2","14+","Moderate in-game text - needs crib sheet or paste ups","","","","","","standalone","","","","","","","","","","","","WizKids (I)","English","2025","English edition"
"Star Trek: Catan","117985","0","0","0","1","0","0","0","0","0","0","0","3","","","","","","15622196","6.35145","6.98242","2.3529","1725","10439","thing","Star Trek: Catan","3","4","75","75","75","2012","3,4","4","8+","Some necessary text - easily memorized or small crib sheet","","","","","","standalone","","40","EUR","","","2013-04-07","","1","","","","Mayfair Games","English","2012","English edition"
"Star Wars: Armada","163745","0","0","0","1","0","0","0","0","0","0","0","3","","","","","","32778001","7.02038","7.80537","3.1574","490","11431","thing","Star Wars: Armada","2","2","120","120","120","2015","2","2","12+","Extensive use of text - massive conversion needed to be playable","","","","","","standalone","","63","EUR","","","2016-01-28","L'antro del Nerd","1","","","2016-01-28","Giochi Uniti","Italian","2015","Italian edition"
"Star Wars: Assalto Imperiale","164153","0","0","0","1","0","0","0","0","0","0","0","3","","","","","","40467918","7.64583","7.95233","3.301","88","45649","thing","Star Wars: Imperial Assault","2","5","120","120","60","2015","2,3,4,5","2,5","12+","Extensive use of text - massive conversion needed to be playable","","","","","","standalone","","","","","","","","","","","","Asterion Press; Fantasy Flight Games","Italian","2015","Italian edition"
"Star Wars: Assalto Imperiale – Il cuore dell'Impero","226839","0","0","0","1","0","0","0","0","0","0","0","3","","","","","","50865346","6.14138","8.51262","3.1667","0","7143","thing","Star Wars: Imperial Assault – Heart of the Empire","2","5","90","90","60","2017","1,2,3,4,5","2,5","","Extensive use of text - massive conversion needed to be playable","","","","","","expansion","","","","","","","","","","","","Fantasy Flight Games","Italian","0","Italian edition"
"Star Wars: Assalto Imperiale – Pack di espansione: Boba Fett, Famigerato Cacciatore di Taglie","175213","0","0","0","1","0","0","0","0","0","0","0","3","","","","","","50865359","6.09955","8.19067","2.9","0","7127","thing","Star Wars: Imperial Assault – Boba Fett Villain Pack","2","5","120","120","60","2015","4,5","4,5","","","","","","","","expansion","","","","","","","","","","","","Asterion Press; Fantasy Flight Games","Italian","2015","Italian edition"
"Star Wars: Assalto Imperiale – Pack di espansione: Greedo, Mercenario Ambizioso","199911","0","0","0","1","0","0","0","0","0","0","0","3","","","","","","50865369","5.81647","8.09069","3","0","4476","thing","Star Wars: Imperial Assault – Greedo Villain Pack","2","5","120","120","60","2017","","","","","","","","","","expansion","","","","","","","","","","","","Asterion Press; Fantasy Flight Games","Italian","2017","Italian edition"
"Star Wars: Assalto Imperiale – Pack di espansione: Han Solo, Canaglia","167889","0","0","0","1","0","0","0","0","0","0","0","3","","","","","","50865372","6.17123","8.01202","2.7","0","8657","thing","Star Wars: Imperial Assault – Han Solo Ally Pack","2","5","60","60","60","2015","2,3,4,5","2,5","","Moderate in-game text - needs crib sheet or paste ups","","","","","","expansion","","","","","","","","","","","","Asterion Press; Fantasy Flight Games","Italian","2015","Italian edition"
"Star Wars: Assalto Imperiale – Pack di espansione: R2-D2 e C-3PO","175212","0","0","0","1","0","0","0","0","0","0","0","3","","","","","","50865364","6.04551","8.0084","3","0","7164","thing","Star Wars: Imperial Assault – R2-D2 and C-3PO Ally Pack","2","5","90","90","90","2015","","","","Moderate in-game text - needs crib sheet or paste ups","","","","","","expansion","","","","","","","","","","","","Asterion Press; Fantasy Flight Games","Italian","2015","Italian edition"
"Star Wars: Imperial Assault – Ahsoka Tano Ally Pack","226836","0","0","0","1","0","0","0","0","0","0","0","3","","","","","","84262829","5.78736","8.29331","3","0","3648","thing","Star Wars: Imperial Assault – Ahsoka Tano Ally Pack","2","5","60","60","60","2017","","","","","","","","","","expansion","","","","","","","","","","","","","","",""
"Star Wars: Imperial Assault – Bantha Rider Villain Pack","180622","0","0","0","1","0","0","0","0","0","0","0","3","","","","","","84262862","5.87644","8.1236","2.4","0","4792","thing","Star Wars: Imperial Assault – Bantha Rider Villain Pack","2","5","0","0","0","2015","","","","","","","","","","expansion","","","","","","","","","","","","","","",""
"Star Wars: Imperial Assault – Emperor Palpatine Villain Pack","226837","0","0","0","1","0","0","0","0","0","0","0","3","","","","","","84262840","5.80834","8.20199","3","0","4047","thing","Star Wars: Imperial Assault – Emperor Palpatine Villain Pack","2","5","60","60","60","2017","","","","","","","","","","expansion","","","","","","","","","","","","","","",""
"Star Wars: Imperial Assault – Jabba the Hutt Villain Pack","205904","0","0","0","1","0","0","0","0","0","0","0","3","","","","","","84262843","5.84768","8.11027","3","0","4671","thing","Star Wars: Imperial Assault – Jabba the Hutt Villain Pack","2","5","0","0","0","2017","2,3,4,5","2","","","","","","","","expansion","","","","","","","","","","","","","","",""
"Star Wars: Imperial Assault – Jabba's Realm","205900","0","0","0","1","0","0","0","0","0","0","0","3","","","","","","84262841","6.43308","8.52821","3.1667","0","9545","thing","Star Wars: Imperial Assault – Jabba's Realm","2","5","0","0","0","2017","1,2,3,4,5","2,5","10+","","","","","","","expansion","","","","","","","","","","","","","","",""
"Star Wars: Imperial Assault – Lando Calrissian Ally Pack","194903","0","0","0","1","0","0","0","0","0","0","0","3","","","","","","84262857","5.82604","8.11059","2.3333","0","4746","thing","Star Wars: Imperial Assault – Lando Calrissian Ally Pack","2","5","120","120","60","2016","","","","","","","","","","expansion","","","","","","","","","","","","","","",""
"Star Wars: Imperial Assault – Leia Organa Ally Pack","181689","0","0","0","1","0","0","0","0","0","0","0","3","","","","","","84262869","5.92041","8.02358","2.4","0","5863","thing","Star Wars: Imperial Assault – Leia Organa Ally Pack","2","5","120","120","90","2015","","","","Moderate in-game text - needs crib sheet or paste ups","","","","","","expansion","","","","","","","","","","","","","","",""
"Star Wars: Imperial Assault – Luke Skywalker Jedi Knight Ally Pack","205905","0","0","0","1","0","0","0","0","0","0","0","3","","","","","","84262848","5.86876","8.19897","3","0","5000","thing","Star Wars: Imperial Assault – Luke Skywalker Jedi Knight Ally Pack","2","5","0","0","0","2017","","","","","","","","","","expansion","","","","","","","","","","","","","","",""
"Star Wars: Imperial Assault – Maul Villain Pack","226838","0","0","0","1","0","0","0","0","0","0","0","3","","","","","","84262850","5.78343","8.22183","3","0","3902","thing","Star Wars: Imperial Assault – Maul Villain Pack","2","5","60","60","60","2017","","","","Extensive use of text - massive conversion needed to be playable","","","","","","expansion","","","","","","","","","","","","","","",""
"Star Wars: Imperial Assault – Return to Hoth","181621","0","0","0","1","0","0","0","0","0","0","0","3","","","","","","84262885","6.58971","8.41705","3.0588","0","11399","thing","Star Wars: Imperial Assault – Return to Hoth","2","5","120","120","90","2015","2,3,4,5","5","","","","","","","","expansion","","","","","","","","","","","","","","",""
"Star Wars: Imperial Assault – The Bespin Gambit","194897","0","0","0","1","0","0","0","0","0","0","0","3","","","","","","84262855","6.23672","8.28205","3.25","0","8313","thing","Star Wars: Imperial Assault – The Bespin Gambit","2","5","120","120","60","2016","2,3,5","3,5","12+","Some necessary text - easily memorized or small crib sheet","","","","","","expansion","","","","","","","","","","","","","","",""
"Star Wars: Imperial Assault – Thrawn Villain Pack","251231","0","0","0","1","0","0","0","0","0","0","0","3","","","","","","84262830","5.73924","8.32127","3","0","2902","thing","Star Wars: Imperial Assault – Thrawn Villain Pack","2","5","120","120","60","2018","","","","","","","","","","expansion","","","","","","","","","","","","","","",""
"Star Wars: Imperial Assault – Twin Shadows","175211","0","0","0","1","0","0","0","0","0","0","0","3","","","","","","84262890","6.52986","8.22081","3.2857","0","11740","thing","Star Wars: Imperial Assault – Twin Shadows","2","5","120","120","60","2015","2,3,5","5","10+","Extensive use of text - massive conversion needed to be playable","","","","","","expansion","","","","","","","","","","","","","","",""
"Star Wars: Imperial Assault – Tyrants of Lothal","251066","0","0","0","1","0","0","0","0","0","0","0","3","","","","","","84262804","5.95126","8.53486","3.3333","0","5246","thing","Star Wars: Imperial Assault – Tyrants of Lothal","2","5","120","120","60","2018","1,2,3,4,5","5","","Extensive use of text - massive conversion needed to be playable","","","","","","expansion","","","","","","","","","","","","","","",""
"Star Wars: Rebellion","187645","0","0","0","1","0","0","0","0","0","0","0","1","","","","","","46561889","8.16837","8.42319","3.7498","10","58386","thing","Star Wars: Rebellion","2","4","240","240","180","2016","2","2","12+","Extensive use of text - massive conversion needed to be playable","","","","","","standalone","","99","EUR","","","2017-11-01","Asterion","1","","Office","2017-11-01","Asterion Press; Fantasy Flight Games","Italian","2016","Italian edition"
"Star Wars: X-Wing Gioco di Miniature","103885","0","0","0","1","0","0","0","0","0","0","0","1","","","","","","60819383","7.35773","7.62374","2.4948","204","41672","thing","Star Wars: X-Wing Miniatures Game","2","2","45","45","30","2012","2","2","10+","Moderate in-game text - needs crib sheet or paste ups","","","","","","standalone","","","","","","","","","","","","Giochi Uniti; Stratelibri","Italian","2012","Italian edition"
"Star Wars: X-Wing Gioco di Miniature – Assi Imperiali Pack di Espansione","148259","0","0","0","1","0","0","0","0","0","0","0","1","","","","","","60819391","6.22308","7.98631","2.48","0","5616","thing","Star Wars: X-Wing Miniatures Game – Imperial Aces Expansion Pack","2","4","30","30","30","2014","2,4","2","12+","Moderate in-game text - needs crib sheet or paste ups","","","","","","expansion","","","","","","","","","","","","Giochi Uniti","Italian","2014","Italian edition"
"Star Wars: X-Wing Gioco di Miniature – Assi Ribelli Pack di Espansione","156770","0","0","0","1","0","0","0","0","0","0","0","1","","","","","","60819428","6.1032","8.01813","2.4706","0","4744","thing","Star Wars: X-Wing Miniatures Game – Rebel Aces Expansion Pack","2","2","30","30","30","2014","2","2","12+","Moderate in-game text - needs crib sheet or paste ups","","","","","","expansion","","","","","","","","","","","","Giochi Uniti","Italian","2014","Italian edition"
"Star Wars: X-Wing Gioco di Miniature – Millennium Falcon Pack di Espansione","129432","0","0","0","1","0","0","0","0","0","0","0","1","","","","","","60819385","6.67277","8.10307","2.403","0","9946","thing","Star Wars: X-Wing Miniatures Game – Millennium Falcon Expansion Pack","2","2","0","0","0","2013","2","2","12+","Moderate in-game text - needs crib sheet or paste ups","","","","","","expansion","","","","","","","","","","","","Giochi Uniti","Italian","2013","Italian edition"
"Star Wars: X-Wing Gioco di Miniature – Slave 1 Pack di Espansione","129433","0","0","0","1","0","0","0","0","0","0","0","1","","","","","","60819388","6.47167","7.93907","2.431","0","8326","thing","Star Wars: X-Wing Miniatures Game – Slave I Expansion Pack","2","2","0","0","0","2013","2","2","12+","Moderate in-game text - needs crib sheet or paste ups","","","","","","expansion","","","","","","","","","","","","Giochi Uniti","Italian","2013","Italian edition"
"Star Wars: X-Wing Miniatures Game – Resistance Bomber Expansion Pack","237391","0","0","0","1","0","0","0","0","0","0","0","1","","","","","","60819432","5.57905","7.4346","0","0","1008","thing","Star Wars: X-Wing Miniatures Game – Resistance Bomber Expansion Pack","2","4","45","45","30","2017","","","","","","","","","","expansion","","","","","","","","","","","","Fantasy Flight Games","English","2017","English edition"
"Star Wars: X-Wing Miniatures Game – TIE Reaper Expansion Pack","246718","0","0","0","1","0","0","0","0","0","0","0","1","","","","","","60819439","5.61021","7.71087","0","0","1057","thing","Star Wars: X-Wing Miniatures Game – TIE Reaper Expansion Pack","2","4","45","45","30","2018","","","","","","","","","","expansion","","","","","","","","","","","","Fantasy Flight Games","English","2018","English edition"
"Starship Captains","363369","0","0","0","1","0","0","0","0","0","0","0","3","","","","","","107506386","6.39785","7.11281","2.3571","1612","6610","thing","Starship Captains","1","4","100","100","25","2023","1,2,3,4","3","10+","Moderate in-game text - needs crib sheet or paste ups","","","","","","standalone","","","","","","","","","","","","Cranio Creations; Czech Games Edition (CGE)","Italian","2023","Italian edition"
"Starship Captains","363369","0","0","0","1","0","0","0","0","0","0","0","3","","used for props in space RPGs","","","","133602922","6.39785","7.11281","2.3571","1612","6610","thing","Starship Captains","1","4","100","100","25","2023","1,2,3,4","3","10+","Moderate in-game text - needs crib sheet or paste ups","","","","","","standalone","","","","","","","","","","","","Cranio Creations; Czech Games Edition (CGE)","Italian","2023","Italian edition"
"Steam Park","121410","0","0","0","1","0","0","0","0","0","0","0","3","","","","","","20945565","6.42299","6.81108","2.1244","1536","9734","thing","Steam Park","2","4","60","60","60","2013","2,3,4","4","10+","Some necessary text - easily memorized or small crib sheet","","","","","","standalone","","","","","","","","","","","","Cranio Creations","English; Italian","2013","English/Italian edition"
"Storie di Famigli","350948","0","0","0","1","0","0","0","0","0","0","0","3","","","","","","145844125","6.15053","7.65069","2.5263","2449","4998","thing","Familiar Tales","1","4","120","120","45","2022","1,2,3,4","4","8+","Extensive use of text - massive conversion needed to be playable","","","","","","standalone","","","","","","","","","","","","Plaid Hat Games","Italian","2022","Italian edition"
"Le Strade d'Inchiostro: Edizione Blu Profondo","245654","0","0","0","1","0","0","0","0","0","0","0","3","","","","","","66424188","6.8857","7.13822","1.4691","643","23955","thing","Railroad Ink: Deep Blue Edition","1","6","30","30","20","2018","1,2,3,4,5,6","2","8+","No necessary in-game text","","","","","","standalone","","","","","","","","","","","","Ghenos Games; Horrible Guild","Italian","2018","Italian edition"
"Uno Studio in Smeraldo","178054","0","0","0","1","0","0","0","0","0","0","0","3","","","","","","33186775","6.23279","6.85823","2.9403","2131","4700","thing","A Study in Emerald (Second Edition)","2","5","60","60","60","2015","3,4,5","4,5","12+","Moderate in-game text - needs crib sheet or paste ups","","","","","","standalone","","","","","","","","","","","","Asterion Press","Italian","2015","Italian edition"
"Suburbia","123260","9","2","0","1","0","0","0","0","0","0","0","3","","","","","","17733083","7.27324","7.45194","2.7559","255","31703","thing","Suburbia","1","4","90","90","60","2012","1,2,3,4","3","10+","Moderate in-game text - needs crib sheet or paste ups","","","","","","standalone","","","","","","","","","","","","uplay.it edizioni","Italian","2012","Italian first edition"
"Suburbia Inc","145196","8.5","0","0","1","0","0","0","0","0","0","0","1","","","","","","22927160","6.82106","7.91688","2.766","0","7734","thing","Suburbia Inc","1","4","90","90","90","2013","1,2,3,4","3","8+","Moderate in-game text - needs crib sheet or paste ups","","","","","","expansion","","","","","","","","","","","","Bézier Games","English","2013","English edition"
"Suburbia: Collector's Edition","267367","9","0","0","1","0","0","0","0","0","0","0","1","","","","","","84263014","6.95722","7.96974","2.7733","0","8435","thing","Suburbia: Collector's Edition","1","5","90","90","90","2019","1,2,3,4","3","10+","Some necessary text - easily memorized or small crib sheet","","","","","","standalone","","","","","","","","","","","","Bézier Games","English","2019","Super collector's edition"
"Sukkube","184899","0","0","0","1","0","0","0","0","0","0","0","3","","","","","","31075881","0","4.66923","0","0","42","thing","Sukkube","1","6","50","50","25","2015","","","","No necessary in-game text","","","","","","standalone","","","","","","","","","","","","Apokalypse Inc","English; Italian","2015","English/Italian edition"
"Sunrise Lane","394334","6","0","0","1","0","0","0","0","0","0","0","3","","","","","","115826718","6.07726","7.01477","1.4865","2806","2881","thing","Sunrise Lane","2","4","45","45","45","2024","2,3,4","3,4","8+","No necessary in-game text","","","","","","standalone","","","","","","","","","","","","Cranio Creations; Horrible Guild","Italian","2024","Italian edition"
"Super Cluedo","1561","9","0","0","1","0","0","0","0","0","0","0","3","","","","","","6985760","5.91642","6.67567","1.8404","3777","3968","thing","Clue Master Detective","3","10","60","60","60","1988","3,4,5,6,7,8","5","8+","Some necessary text - easily memorized or small crib sheet","","","1990","2193","","standalone","","","","","","","","","","","","Parker Brothers","English","1988","Parker Brothers edition"
"T.I.M.E Stories","146508","8","0","0","1","0","0","0","0","0","0","0","3","","","","","","41696947","7.13204","7.33657","2.5845","367","43734","thing","T.I.M.E Stories","2","4","90","90","90","2016","2,3,4","4","14+","Unplayable in another language","","","","","","standalone","","","","","","","","","","","","Asterion Press","Italian","2016","Italian edition"
"T.I.M.E Stories: Dietro la Maschera","189686","0","0","0","1","0","0","0","0","0","0","0","1","","","","","","53077462","6.59521","7.2557","2.4583","0","12516","thing","T.I.M.E Stories: Under the Mask","2","4","90","0","90","2017","2,3,4","4","12+","Unplayable in another language","","","","","","expansion","","","","","","","","","","","","Asterion Press; Space Cowboys","Italian","2017","Italian edition"
"T.I.M.E Stories: Estrella Drive","220836","0","0","0","1","0","0","0","0","0","0","0","1","","","","","","63316566","6.27687","7.2087","2.2083","0","7507","thing","T.I.M.E Stories: Estrella Drive","2","4","90","90","90","2019","2,3,4","4","14+","Extensive use of text - massive conversion needed to be playable","","","","","","expansion","","","","","","","","","","","","asmodee; Space Cowboys","Italian","2019","Italian edition"
"T.I.M.E Stories: Il Caso Marcy","180585","8.5","0","0","1","0","0","0","0","0","0","0","3","","","","","","41696971","6.94952","7.47836","2.6733","0","17048","thing","T.I.M.E Stories: The Marcy Case","2","4","90","90","60","2016","2,3,4","4","12+","Unplayable in another language","","","","","","expansion","","","","","","","","","","","","Asterion Press; Space Cowboys","Italian","2016","Italian edition"
"T.I.M.E Stories: La Confraternita della Costa","220839","0","0","0","1","0","0","0","0","0","0","0","1","","","","","","63316571","6.31975","7.62585","2.8","0","6284","thing","T.I.M.E Stories: Brotherhood of the Coast","2","4","240","240","90","2019","2,3,4","4","12+","Extensive use of text - massive conversion needed to be playable","","","","","","expansion","","","","","","","","","","","","asmodee; Space Cowboys","Italian","2019","Italian edition"
"T.I.M.E Stories: La Profezia dei Draghi","189035","7","0","0","1","0","0","0","0","0","0","0","3","","","","","","41696969","6.88339","7.51377","2.6447","0","15532","thing","T.I.M.E Stories: A Prophecy of Dragons","2","4","180","180","90","2017","2,3,4","4","10+","Extensive use of text - massive conversion needed to be playable","","","","","","expansion","","","","","","","","","","","","Asterion Press; Space Cowboys","Italian","2017","Italian edition"
"T.I.M.E Stories: Lumen Fidei","213099","0","0","0","1","0","0","0","0","0","0","0","3","","","","","","53077523","6.43888","7.37491","2.9412","0","8811","thing","T.I.M.E Stories: Lumen Fidei","2","4","90","0","90","2018","2,3,4","4","12+","Extensive use of text - massive conversion needed to be playable","","","","","","expansion","","","","","","","","","","","","asmodee; Space Cowboys","Italian","2018","Italian edition"
"Tabu","1111","8.5","0","0","1","0","0","0","0","0","0","0","3","","German Edition","","","","6985773","6.14303","6.3235","1.1991","2488","28892","thing","Taboo","4","10","20","20","20","2003","4,5,6,7,8,9,10","6,8","10+","Unplayable in another language","","","","","","standalone","","","","","","","","","","","","Parker Brothers","German","2003","Parker German edition 2003 ""Over 13 Million Sold"""
"TAGS","248002","0","0","0","1","0","0","0","0","0","0","0","1","","","","","","64680010","5.75386","6.41822","1.2143","5470","2177","thing","TAGS","2","4","40","40","20","2019","3,4","4","","Some necessary text - easily memorized or small crib sheet","","","","","","standalone","","","","","","","","","","","","asmodee","Italian","2019","Italian edition"
"Tank Attack! Board Game","86104","7","1","0","1","0","0","0","0","0","0","0","3","","","","","","11515083","5.50125","5.43636","1","26031","70","thing","Tank Attack! Board Game","2","4","45","45","45","2010","","","","No necessary in-game text","","","","","","standalone","","","","","","","","","","","","Editrice Giochi","Italian","2010","First edition"
"Le Taverne di Valfonda","269207","8","1","0","1","0","0","0","0","0","0","0","3","","","","","","133411469","7.27871","7.57215","2.6876","251","30046","thing","The Taverns of Tiefenthal","2","4","60","60","60","2019","2,3,4","2,3","10+","No necessary in-game text","","","","","","standalone","","","","","","","","","","","","Devir","Italian","2019","Italian edition"
"Terraforming Mars","167791","0","0","0","1","0","0","0","0","0","0","0","1","","","","","","95303837","8.17911","8.33063","3.2722","9","162333","thing","Terraforming Mars","1","5","120","120","120","2020","1,2,3,4","3","12+","Extensive use of text - massive conversion needed to be playable","","","","","","standalone","","","","","","","","","","","","FryxGames; Stronghold Games","English","2020","English edition 2020"
"Terraforming Mars: Ares Expedition","328871","0","0","0","1","0","0","0","0","0","0","0","1","","","","","","95303839","7.36948","7.63006","2.9275","195","40729","thing","Terraforming Mars: Ares Expedition","1","4","60","60","45","2022","1,2,3,4","3","12+","Moderate in-game text - needs crib sheet or paste ups","","","","","","standalone","","","","","","","","","","","","FryxGames; Ghenos Games","Italian","2022","Italian edition"
"Terraforming Mars: Colonies","255681","0","0","0","1","0","0","0","0","0","0","0","1","","","","","","95303842","7.47554","8.10322","2.9725","0","32450","thing","Terraforming Mars: Colonies","1","5","120","120","120","2018","1,2,3,4,5","3","12+","Extensive use of text - massive conversion needed to be playable","","","","","","expansion","","","","","","","","","","","","FryxGames; Stronghold Games","English","2018","English edition"
"Terraforming Mars: Hellas & Elysium","218127","0","0","0","1","0","0","0","0","0","0","0","1","","","","","","95303847","7.84838","8.37538","2.7747","0","40958","thing","Terraforming Mars: Hellas & Elysium","1","5","120","120","90","2017","1,2,3,4,5","3","12+","No necessary in-game text","","","","","","expansion","","","","","","","","","","","","FryxGames; Stronghold Games","English","2017","English edition"
"Terraforming Mars: Prelude","247030","0","0","0","1","0","0","0","0","0","0","0","1","","","","","","95303841","8.41357","8.84842","2.561","0","54030","thing","Terraforming Mars: Prelude","1","5","120","120","90","2018","1,2,3,4,5","3","12+","Moderate in-game text - needs crib sheet or paste ups","","","","","","expansion","","","","","","","","","","","","FryxGames; Stronghold Games","English","2018","English edition"
"Terraforming Mars: Turmoil","273473","0","0","0","1","0","0","0","0","0","0","0","1","","","","","","95303843","6.84052","7.47163","3.6754","0","26474","thing","Terraforming Mars: Turmoil","1","5","150","150","150","2019","1,2,3,4,5","3","12+","Extensive use of text - massive conversion needed to be playable","","","","","","expansion","","","","","","","","","","","","FryxGames; Stronghold Games","English","2019","English edition"
"Terraforming Mars: Venus Next","231965","0","0","0","1","0","0","0","0","0","0","0","1","","","","","","95303845","7.09222","7.57505","2.871","0","32760","thing","Terraforming Mars: Venus Next","1","5","120","120","90","2017","1,2,3,4,5","3,4","12+","Extensive use of text - massive conversion needed to be playable","","","","","","expansion","","","","","","","","","","","","FryxGames; Stronghold Games","English","2017","English edition"
"Thrive","250725","0","0","0","1","0","0","0","0","0","0","0","1","","","","","","74377514","5.63587","6.53602","1.5714","8052","593","thing","Thrive","2","2","30","30","20","2020","2","2","6+","No necessary in-game text","","","","","","standalone","","","","","","","","","","","","Adam's Apple Games, LLC","English","2020","English edition"
"Thrive: Pond Life","283032","0","0","0","1","0","0","0","0","0","0","0","1","","","","","","74377516","0","6.37462","0","0","121","thing","Thrive: Pond Life","2","4","25","25","25","2020","","","","","","","","","","expansion","","","","","","","","","","","","Adam's Apple Games, LLC","English","2020","English edition"
"Thurn und Taxis","21790","8.5","0","0","1","0","0","0","0","0","0","0","1","","","","","","6866028","6.90705","7.09268","2.256","615","24678","thing","Thurn and Taxis","2","4","60","60","60","2006","2,3,4","3,4","10+","No necessary in-game text","","","","","","standalone","","","","","","","","","","","","Rio Grande Games","English","2006","English first edition"
"Ticket to Ride","9209","10","0","0","1","0","0","0","0","0","0","0","2","","","","","","6781075","7.25921","7.38407","1.8187","263","151428","thing","Ticket to Ride","2","5","60","60","30","2004","2,3,4,5","4","8+","No necessary in-game text","","","","","","standalone","","","","","","","","","","","","Days of Wonder","Italian","0","Italian ""Più di 1.1 milioni di copie vendute"" edition"
"Ticket to Ride: 10th Anniversary","160069","9","1","0","1","0","0","0","0","0","0","0","3","","","","","","25045403","7.36747","8.23985","1.8841","0","11522","thing","Ticket to Ride: 10th Anniversary","2","5","60","60","30","2014","2,3,4,5","4,5","8+","No necessary in-game text","","","","","","standalone","","","","","","","","","","","","Days of Wonder","Danish; Dutch; English; Finnish; French; German; Italian; Japanese; Norwegian; Polish; Spanish; Swedish","2014","Multilingual first edition"
"Ticket to Ride: Alvin & Dexter","89848","0","0","0","1","0","0","0","0","0","0","0","3","","","","","","32778067","5.90941","6.50356","1.5694","0","7151","thing","Ticket to Ride: Alvin & Dexter","2","5","50","50","30","2013","3,4,5","4,5","8+","No necessary in-game text","","","","","","expansion","","","","","","","","","","","","Days of Wonder","Danish; Dutch; English; French; German; Italian; Japanese; Norwegian; Polish; Spanish; Swedish","2013","Multilingual second edition"
"Ticket to Ride: Amsterdam","309113","0","0","0","1","0","0","0","0","0","0","0","1","","","","","","77240244","6.10139","6.90089","1.4242","2671","6864","thing","Ticket to Ride: Amsterdam","2","4","15","15","10","2020","2,3,4","4","6+","No necessary in-game text","","","","","","standalone","","","","","","","","","","","","Days of Wonder","English","2020","English edition"
"Ticket to Ride: Europa – 15th Anniversary","329841","0","0","0","1","0","0","0","0","0","0","0","1","","","","","","84262759","7.23917","8.1757","1.8713","0","15022","thing","Ticket to Ride: Europe – 15th Anniversary","2","5","60","60","30","2021","2,3,4,5","4","8+","No necessary in-game text","","","","","","standalone","","","","","","","","","","","","Days of Wonder","Italian","2021","Italian edition"
"Ticket to Ride: Europe","14996","10","2","0","1","0","0","0","0","0","0","0","1","","","","","","6781077","7.3929","7.52259","1.9148","180","140465","thing","Ticket to Ride: Europe","2","5","60","60","30","2005","2,3,4,5","4","8+","No necessary in-game text","","","2006","2193","","standalone","","","","","","","","","","","","","","",""
"Ticket to Ride: Londra","276894","0","0","0","1","0","0","0","0","0","0","0","3","","","","","","67315822","6.56801","7.04154","1.3475","1179","16089","thing","Ticket to Ride: London","2","4","15","15","10","2019","2,3,4","3","6+","No necessary in-game text","","","","","","standalone","","","","","","","","","","","","Days of Wonder","Italian","2019","Italian edition"
"Ticket to Ride: New York","253284","0","0","0","1","0","0","0","0","0","0","0","1","","","","","","55715111","6.523","6.87841","1.2701","1287","18352","thing","Ticket to Ride: New York","2","4","15","15","10","2018","2,3,4","3","6+","No necessary in-game text","","","","","","standalone","","","","","","","","","","","","Asterion Press","Italian","2018","Italian edition"
"Ticket to Ride: The Dice Expansion","38454","0","0","0","1","0","0","0","0","0","0","0","1","","","","","","8896897","5.5407","5.69384","1.5238","0","2766","thing","Ticket to Ride: The Dice Expansion","2","5","50","50","30","2008","2,3,4,5","4","6+","No necessary in-game text","","","","","","expansion","","","","","","","","","","","","Days of Wonder; Lautapelit.fi","Danish; Dutch; English; Finnish; French; German; Norwegian; Swedish","2008","Multilingual edition"
"Ticket to Ride: USA 1910","24439","0","0","0","1","0","0","0","0","0","0","0","2","","","","","","6781085","7.52529","7.99273","1.8882","0","28816","thing","Ticket to Ride: USA 1910","2","5","60","60","30","2019","2,3,4,5","4","8+","No necessary in-game text","","","","","","expansion","","","","","","","","","","","","Days of Wonder","Danish; Dutch; English; Finnish; French; German; Italian; Norwegian; Spanish; Swedish","2019","Multilingual edition 2019"
"Time's Up! Edizione Blu","57660","8","0","0","1","0","0","0","0","0","0","0","3","","","","","","26420501","6.22607","7.39924","1.2203","2159","2407","thing","Time's Up! Edición Azul","4","12","45","45","45","2012","4,5,6,7,8,9,10,11,12","6,8","12+","No necessary in-game text","","","","","","standalone","","","","","","","","","","","","Asterion Press","Italian","2012","Italian first edition"
"Tokaido","123540","0","0","0","1","0","0","0","0","0","0","0","1","","","","","","60487497","6.73649","6.90788","1.7435","860","45492","thing","Tokaido","1","5","45","45","45","2016","2,3,4,5","4","8+","No necessary in-game text","","","","","","standalone","","","","","","","","","","","","Pendragon Game Studio","Italian","2016","Italian second edition"
"Tom Bomb","9004","0","0","0","1","0","0","0","0","0","0","0","3","","","","","","33871124","5.2744","4.60816","1.1364","31254","1460","thing","Pop-Up Pirate!","2","4","20","20","20","1975","2,3,4","2,3,4","2–6","No necessary in-game text","","","","","","standalone","","","","","","","","","","","","Giochi Preziosi","Italian","0","Giochi Preziosi Italian edition"
"Topiary","210900","0","0","0","1","0","0","0","0","0","0","0","3","","","","","","50865465","5.91716","6.67272","1.7931","3771","2053","thing","Topiary","2","4","30","30","15","2017","2,3,4","2","10+","No necessary in-game text","","","","","","standalone","","","","","","","","","","","","Fever Games","English; Italian","2017","English/Italian edition"
"Travel Clue","13682","0","0","0","1","0","0","0","0","0","0","0","3","","","","","","7420206","5.48252","5.41342","1.3636","29453","781","thing","Travel Clue","2","6","10","10","10","1990","4,6","4","8+","No necessary in-game text","51","","","2193","","standalone","","","","","","","","","","","","","","",""
"Il Trono di Spade: Il Gioco da Tavolo (Seconda Edizione) – La Danza dei Draghi","124693","0","0","0","1","0","0","0","0","0","0","0","1","","","","","","81789832","6.29875","7.85182","3.3768","0","5970","thing","A Game of Thrones: The Board Game (Second Edition) – A Dance with Dragons","6","6","180","180","180","2020","6","6","14+","Some necessary text - easily memorized or small crib sheet","","","","","","expansion","","","","","","","","","","","","Fantasy Flight Games","Italian","2020","Italian edition 2020"
"Il Trono di Spade: Il Gioco da Tavolo Seconda Edizione","103343","0","0","0","1","0","0","0","0","0","0","0","1","","","","","","81789840","7.29735","7.52566","3.7347","241","53402","thing","A Game of Thrones: The Board Game (Second Edition)","3","6","240","240","120","2012","4,5,6","6","14+","Some necessary text - easily memorized or small crib sheet","","","","","","standalone","","","","","","","","","","","","Fantasy Flight Games; Giochi Uniti","Italian","2012","Giochi Uniti Italian edition"
"Il Trono di Spade: Il Gioco del Trono","204837","10","1","0","1","0","0","0","0","0","0","0","3","","","","","","57001496","5.88578","6.77035","2.7","4038","2416","thing","Game of Thrones: The Iron Throne","3","5","60","60","30","2017","4,5","5","14+","Extensive use of text - massive conversion needed to be playable","","","","","","standalone","","","","","","","","","","","","Fantasy Flight Games","Italian","2017","Italian edition"
"Il Trono di Spade: il Gioco di Carte (Seconda edizione)","169255","0","0","0","1","0","0","0","0","0","0","0","1","","","","","","81789830","6.76739","7.48203","3.5325","820","10140","thing","A Game of Thrones: The Card Game (Second Edition)","2","4","120","120","60","2015","2,3,4","2","14+","Extensive use of text - massive conversion needed to be playable","","","","","","standalone","","","","","","","","","","","","Asterion Press; Fantasy Flight Games","Italian","2015","Italian edition"
"Tsuro","16992","10","0","0","1","0","0","0","0","0","0","0","3","","","","","","85414550","6.53257","6.66791","1.2168","1262","47795","thing","Tsuro","2","8","20","20","15","2020","2,3,4,5,6,7,8","4,6","6+","No necessary in-game text","","","","","","standalone","","","","","","","","","","","","DV Games","Italian","2020","dV Giochi Italian-only edition"
"Two Rooms and a Boom","134352","10","0","0","1","0","0","0","0","0","0","0","3","","","","","","42869181","6.54515","6.98146","1.4845","1230","10929","thing","Two Rooms and a Boom","6","30","20","20","7","2015","8,9,10,11,12,13,14,15,16,17,18,19,20,21,22,23,24,25,26,27,28,29,30","14,16,17,18,20,22","12+","Some necessary text - easily memorized or small crib sheet","","","","","","standalone","","","","","","","","","","","","Tuesday Knight Games","English","2015","English first edition"
"Two Rooms and a Boom: Necroboomicon Expansion Pack","219444","6.5","0","0","1","0","0","0","0","0","0","0","3","","","","","","50866304","5.57987","7.03504","2","0","1347","thing","Two Rooms and a Boom: Necroboomicon Expansion Pack","6","30","15","15","15","2017","6,7,8,9,10,11,12,13,14,15,16,17,18,19,20","12","8+","","","","","","","expansion","","","","","","","","","","","","Tuesday Knight Games","English","2017","English edition"
"Tzolk'in: Il Calendario Maya","126163","0","0","0","1","0","0","0","0","0","0","0","3","","","","","","78526968","7.67869","7.84199","3.6627","77","50911","thing","Tzolk'in: The Mayan Calendar","2","4","90","90","90","2012","2,3,4","4","12+","No necessary in-game text","","","","","","standalone","","","","","","","","","","","","Cranio Creations","Italian","2012","Italian first edition"
"Tzolk'in: The Mayan Calendar – Mini Expansion 2","142580","0","0","0","1","0","0","0","0","0","0","0","3","","","","","","78526973","5.94503","7.66709","3.2593","0","3564","thing","Tzolk'in: The Mayan Calendar – Mini Expansion 2","2","4","90","90","90","2013","2,3,4","4","12+","No necessary in-game text","","","","","","expansion","","","","","","","","","","","","Czech Games Edition (CGE)","English; (neutral)","2013","English edition"
"Ubongo BMM","28258","8","2","0","1","0","0","0","0","0","0","0","1","","","","","","8638117","5.52883","5.61041","1.1711","17192","2615","thing","Ubongo Mini","1","4","10","10","10","2007","1,2,3,4","4","5+","No necessary in-game text","","","","","","standalone","","","","","","","","","","","","KOSMOS","German","2007","German edition"
"Ubongo Extrem: Mitbringspiel","41291","7.5","1","0","1","0","0","0","0","0","0","0","1","","","","","","8896834","5.60462","6.19965","1.5","9313","1086","thing","Ubongo Extreme: Fun-Size Edition","1","4","30","30","15","2009","2,3,4","3,4","8+","No necessary in-game text","","","","","","standalone","","","","","","","","","","","","KOSMOS","German","2009","German first edition"
"Undo: Sangue sul Selciato","271043","0","0","0","1","0","0","0","0","0","0","0","1","","","","","","66204849","5.51014","5.59817","1.2222","23149","1397","thing","Undo: Blood in the Gutter","2","6","90","90","45","2019","1,2,3,4","2","12+","Extensive use of text - massive conversion needed to be playable","","","","","","standalone","","","","","","","","","","","","DV Games","Italian","2019","Italian edition"
"Unlock!: Escape Adventures – The Formula","216091","0","0","0","1","0","0","0","0","0","0","0","3","","","","","","44992221","6.32051","6.97358","2.275","1822","4241","thing","Unlock!: Escape Adventures – The Formula","1","6","75","75","45","2017","1,2,3,4","2,3","12+","Extensive use of text - massive conversion needed to be playable","","","","","","standalone","","14","USD","","","2017-08-24","The Compleat Strategist, NYC","1","","","","Space Cowboys","English","2017","English edition"
"Unlock!: Escape Adventures – The Island of Doctor Goorse","216094","0","0","0","1","0","0","0","0","0","0","0","3","","","","","","44992248","6.03029","6.64624","2.9286","3059","3719","thing","Unlock!: Escape Adventures – The Island of Doctor Goorse","2","6","60","60","60","2017","2,3,4,5,6","4","12+","Extensive use of text - massive conversion needed to be playable","","","","","","standalone","","14","USD","","","2017-08-24","The Compleat Strategist, NYC","1","","","","Space Cowboys","English","2017","English edition"
"UNO","2223","6","0","0","1","0","0","0","0","0","0","0","3","","","","","","6985746","5.35622","5.48538","1.0991","31187","75750","thing","UNO","2","10","30","30","30","1992","3,4,5,6,7,8","4,5,6","5+","No necessary in-game text","","","","","","standalone","","","","","","","","","","","","Mattel, Inc.","Dutch; French; German; Italian","1992","Mattel multilingual edition 51967  1992"
"VektoRace","256839","0","2","0","1","0","0","0","0","0","0","0","1","","","","","","66424333","5.84768","7.28166","2.1053","4369","1017","thing","VektoRace","2","4","120","120","30","2018","2,3,4","4","10+","No necessary in-game text","","","","","","standalone","","","","","","","","","","","","KaleidosGames","English; French; Italian; Spanish","2018","Multilingual first edition"
"Venetia","132326","0","0","0","1","0","0","0","0","0","0","0","3","","","","","","74377581","5.74611","6.99658","3.1622","5588","1275","thing","Venetia","2","4","90","90","75","2013","3,4","4","12+","Moderate in-game text - needs crib sheet or paste ups","","","","","","standalone","","","","","","","","","","","","Giochi Uniti; Stratelibri","German; Italian","2013","German/Italian first edition"
"Volfyirion","258074","0","0","0","1","0","0","0","0","0","0","0","3","","","","","","63316509","6.03865","7.21774","2.2453","3008","3639","thing","Volfyirion","1","2","30","30","15","2019","1,2","2","12+","No necessary in-game text","","","","","","standalone","","","","","","","","","","","","Tabula Games","English","2019","English edition"
"La volpe nel bosco","221965","0","0","0","1","0","0","0","0","0","0","0","1","","","","","","95303911","6.84905","7.04835","1.617","695","39705","thing","The Fox in the Forest","2","2","30","30","30","2022","2","2","10+","Some necessary text - easily memorized or small crib sheet","","","","","","standalone","","","","","","","","","","","","Foxtrot Games; Raven Distribution; Renegade Game Studios","Italian","2022","Italian edition"
"Vudù","154880","8","0","0","1","0","0","0","0","0","0","0","1","","","","","","22927151","5.78532","6.31501","1.18","5029","4422","thing","Voodoo","2","8","30","30","30","2014","3,4,5,6","4,5","8+","Moderate in-game text - needs crib sheet or paste ups","","","","","","standalone","","","","","","","","","","","","Red Glove","Italian","2014","Italian edition, first printing"
"Vudulhu","236827","0","0","0","1","0","0","0","0","0","0","0","3","","","","","","50865394","5.53305","6.15765","1.3333","16221","416","thing","Vudulhu","3","6","45","45","30","2017","4,5,6","5,6","8–16","Moderate in-game text - needs crib sheet or paste ups","","","","","","standalone","","","","","","","","","","","","Red Glove","English; Italian","2017","English edition"
"Wacky Races: The Board Game","256729","0","1","0","1","0","0","0","0","0","0","0","3","","","","","","66424185","5.77979","6.59464","1.24","5093","2550","thing","Wacky Races: The Board Game","2","6","20","20","20","2019","1,2,3,4,5,6","4,5,6","8+","Some necessary text - easily memorized or small crib sheet","","","","2193","","standalone","","72","EUR","","","2019-11-30","PEndragon Verona","1","","","","","","",""
"Warstones","218519","0","0","0","1","0","0","0","0","0","0","0","3","","","","","","50865398","5.56155","6.98383","1.8","12205","225","thing","Warstones","2","4","30","30","30","2017","2,4","2","10+","Some necessary text - easily memorized or small crib sheet","","","","","","standalone","","","","","","","","","","","","Red Glove","Italian","2017","Italian edition"
"Wavelength","262543","0","0","0","1","0","0","0","0","0","0","0","1","","","","","","111309375","6.97048","7.18582","1.1047","541","34442","thing","Wavelength","2","12","45","45","30","2020","4,5,6,7,8,9,10,11,12","6,8","10+","Moderate in-game text - needs crib sheet or paste ups","","","","","","standalone","","","","","","","","","","","","Palm Court","Italian","2020","Italian edition"
"Wherewolf","59335","9","0","0","1","0","0","0","0","0","0","0","1","","","","","","9911826","5.6254","7.39032","2.0625","8391","327","thing","Wherewolf","6","33","60","60","60","2009","9,10,11,12,13,14,15,16,17,18,19,20,21,22,23,24","12,13,14,15,16","16+","Extensive use of text - massive conversion needed to be playable","3242","926469","2010","2193","","standalone","","","","","","","","","","","","","","",""
"Witch & Bitch","240956","0","0","0","1","0","0","0","0","0","0","0","3","","","","","","55591283","5.50714","6.47222","2.4","24216","107","thing","Witch & Bitch","1","5","120","120","60","2017","2,3,4,5","4","16+","","","","","","","standalone","","","","","","","","","","","","Freak & Chic LLC; Studio Supernova","Italian","2017","Italian edition"
"Zombicide Season 2: Prison Outbreak","137988","0","0","0","1","0","0","0","0","0","0","0","3","","","","","","31359488","6.63671","7.34148","2.6735","1047","12372","thing","Zombicide Season 2: Prison Outbreak","1","6","60","60","60","2013","1,2,3,4,5,6","2,3,6","12+","Some necessary text - easily memorized or small crib sheet","","","","","","standalone","","","","","","","","","","","","Asterion Press; Cool Mini Or Not; Guillotine Games","Italian","2013","Italian edition"
"Zombicide Season 3: Rue Morgue","161866","0","0","0","1","0","0","0","0","0","0","0","3","","","","","","31075936","6.47568","7.48066","2.4819","1400","7989","thing","Zombicide Season 3: Rue Morgue","1","12","60","60","60","2014","1,2,3,4,5,6","3","10+","Some necessary text - easily memorized or small crib sheet","","","","","","standalone","","75","EUR","","","2015-10-31","","1","","","","Asterion Press; Cool Mini Or Not; Guillotine Games","Italian","2014","Italian edition"
"Zombicide: Black Plague","176189","0","0","0","1","0","0","0","0","0","0","0","1","","","","","","60819494","7.21249","7.59871","2.4741","293","30400","thing","Zombicide: Black Plague","1","6","180","180","60","2016","1,2,3,4,5,6","3","10+","Some necessary text - easily memorized or small crib sheet","","","","","","standalone","","","","","","","","","","","","Asterion Press; Cool Mini Or Not; Guillotine Games","Italian","2016","Italian edition"
